
==========================================================================
cts final report_tns
--------------------------------------------------------------------------
tns max 0.00

==========================================================================
cts final report_wns
--------------------------------------------------------------------------
wns max 0.00

==========================================================================
cts final report_worst_slack
--------------------------------------------------------------------------
worst slack max 1438.95

==========================================================================
cts final report_clock_min_period
--------------------------------------------------------------------------
core_clock period_min = 3561.05 fmax = 280.82

==========================================================================
cts final report_clock_skew
--------------------------------------------------------------------------
Clock core_clock
 990.71 source latency u257220/CLK ^
-828.48 target latency u252071/CLK ^
 -14.34 CRPR
--------------
 147.89 setup skew


==========================================================================
cts final report_checks -path_delay min
--------------------------------------------------------------------------
Startpoint: u206028 (rising edge-triggered flip-flop clocked by core_clock)
Endpoint: u202669 (rising edge-triggered flip-flop clocked by core_clock)
Path Group: core_clock
Path Type: min

Fanout     Cap    Slew   Delay    Time   Description
-----------------------------------------------------------------------------
                          0.00    0.00   clock core_clock (rise edge)
                          0.00    0.00   clock source latency
     1   19.00    0.00    0.00    0.00 ^ ap_clk (in)
                                         ap_clk (net)
                139.92   44.14   44.14 ^ wire60394/A (BUFx12f_ASAP7_75t_R)
     1   17.41   12.11   28.74   72.89 ^ wire60394/Y (BUFx12f_ASAP7_75t_R)
                                         net60353 (net)
                122.02   38.37  111.26 ^ wire60393/A (BUFx12f_ASAP7_75t_R)
     1   18.59   11.99   27.69  138.94 ^ wire60393/Y (BUFx12f_ASAP7_75t_R)
                                         net60352 (net)
                138.88   43.72  182.66 ^ wire60392/A (BUFx12f_ASAP7_75t_R)
     1   18.62   12.40   28.88  211.54 ^ wire60392/Y (BUFx12f_ASAP7_75t_R)
                                         net60351 (net)
                139.42   43.88  255.42 ^ wire60391/A (BUFx12f_ASAP7_75t_R)
     1   18.56   12.41   28.92  284.33 ^ wire60391/Y (BUFx12f_ASAP7_75t_R)
                                         net60350 (net)
                138.60   43.62  327.96 ^ clkbuf_0_ap_clk/A (BUFx24_ASAP7_75t_R)
     2   14.20   14.84   39.78  367.74 ^ clkbuf_0_ap_clk/Y (BUFx24_ASAP7_75t_R)
                                         clknet_0_ap_clk (net)
                 25.33    6.88  374.62 ^ clkbuf_1_0_0_ap_clk/A (BUFx24_ASAP7_75t_R)
     1    8.67    8.46   22.24  396.85 ^ clkbuf_1_0_0_ap_clk/Y (BUFx24_ASAP7_75t_R)
                                         clknet_1_0_0_ap_clk (net)
                 30.89    9.45  406.30 ^ clkbuf_1_0_1_ap_clk/A (BUFx24_ASAP7_75t_R)
     1    8.65    8.72   23.61  429.91 ^ clkbuf_1_0_1_ap_clk/Y (BUFx24_ASAP7_75t_R)
                                         clknet_1_0_1_ap_clk (net)
                 30.87    9.43  439.34 ^ clkbuf_1_0_2_ap_clk/A (BUFx24_ASAP7_75t_R)
     2   13.11    9.15   23.65  462.99 ^ clkbuf_1_0_2_ap_clk/Y (BUFx24_ASAP7_75t_R)
                                         clknet_1_0_2_ap_clk (net)
                 33.09    9.91  472.90 ^ clkbuf_2_1_0_ap_clk/A (BUFx24_ASAP7_75t_R)
     1    8.48    8.80   24.14  497.04 ^ clkbuf_2_1_0_ap_clk/Y (BUFx24_ASAP7_75t_R)
                                         clknet_2_1_0_ap_clk (net)
                 29.79    9.07  506.11 ^ clkbuf_2_1_1_ap_clk/A (BUFx24_ASAP7_75t_R)
     1    8.48    8.65   23.33  529.44 ^ clkbuf_2_1_1_ap_clk/Y (BUFx24_ASAP7_75t_R)
                                         clknet_2_1_1_ap_clk (net)
                 29.74    9.06  538.50 ^ clkbuf_2_1_2_ap_clk/A (BUFx24_ASAP7_75t_R)
     2    8.00    9.40   23.61  562.11 ^ clkbuf_2_1_2_ap_clk/Y (BUFx24_ASAP7_75t_R)
                                         clknet_2_1_2_ap_clk (net)
                 10.46    1.62  563.73 ^ clkbuf_3_3_0_ap_clk/A (BUFx24_ASAP7_75t_R)
     1    9.00    8.14   18.11  581.84 ^ clkbuf_3_3_0_ap_clk/Y (BUFx24_ASAP7_75t_R)
                                         clknet_3_3_0_ap_clk (net)
                 33.05   10.16  592.00 ^ clkbuf_3_3_1_ap_clk/A (BUFx24_ASAP7_75t_R)
     2   12.40    9.52   24.28  616.29 ^ clkbuf_3_3_1_ap_clk/Y (BUFx24_ASAP7_75t_R)
                                         clknet_3_3_1_ap_clk (net)
                 27.36    7.97  624.26 ^ clkbuf_4_7_0_ap_clk/A (BUFx24_ASAP7_75t_R)
     1    8.49    8.53   22.73  646.99 ^ clkbuf_4_7_0_ap_clk/Y (BUFx24_ASAP7_75t_R)
                                         clknet_4_7_0_ap_clk (net)
                 29.75    9.07  656.06 ^ clkbuf_4_7_1_ap_clk/A (BUFx24_ASAP7_75t_R)
     2   14.29   10.47   24.00  680.05 ^ clkbuf_4_7_1_ap_clk/Y (BUFx24_ASAP7_75t_R)
                                         clknet_4_7_1_ap_clk (net)
                 25.43    7.25  687.31 ^ clkbuf_5_15_0_ap_clk/A (BUFx24_ASAP7_75t_R)
     2   14.18   10.40   23.00  710.31 ^ clkbuf_5_15_0_ap_clk/Y (BUFx24_ASAP7_75t_R)
                                         clknet_5_15_0_ap_clk (net)
                 23.98    6.79  717.10 ^ clkbuf_6_31_0_ap_clk/A (BUFx24_ASAP7_75t_R)
     4   20.16   13.70   22.89  739.99 ^ clkbuf_6_31_0_ap_clk/Y (BUFx24_ASAP7_75t_R)
                                         clknet_6_31_0_ap_clk (net)
                 25.64    6.72  746.71 ^ clkbuf_8_127_0_ap_clk/A (BUFx24_ASAP7_75t_R)
     2    6.30    8.73   22.41  769.12 ^ clkbuf_8_127_0_ap_clk/Y (BUFx24_ASAP7_75t_R)
                                         clknet_8_127_0_ap_clk (net)
                  9.75    1.63  770.76 ^ clkbuf_9_255__f_ap_clk/A (BUFx24_ASAP7_75t_R)
    15   45.39   24.68   22.30  793.05 ^ clkbuf_9_255__f_ap_clk/Y (BUFx24_ASAP7_75t_R)
                                         clknet_9_255__leaf_ap_clk (net)
                 35.51    8.09  801.15 ^ clkbuf_leaf_2917_ap_clk/A (BUFx24_ASAP7_75t_R)
    21   14.21   12.34   26.30  827.44 ^ clkbuf_leaf_2917_ap_clk/Y (BUFx24_ASAP7_75t_R)
                                         clknet_leaf_2917_ap_clk (net)
                 12.55    0.75  828.19 ^ u206028/CLK (DFFHQNx1_ASAP7_75t_R)
     2    1.57   18.06   39.74  867.93 ^ u206028/QN (DFFHQNx1_ASAP7_75t_R)
                                         updated_ca2_q16_addr_2_reg_5770_pp0_iter18_reg[3] (net)
                 18.06    0.10  868.03 ^ u206030/A2 (OAI21x1_ASAP7_75t_R)
     1    0.63    5.36    7.89  875.92 v u206030/Y (OAI21x1_ASAP7_75t_R)
                                         n154065 (net)
                  5.36    0.02  875.95 v u202669/D (DFFHQNx1_ASAP7_75t_R)
                                875.95   data arrival time

                          0.00    0.00   clock core_clock (rise edge)
                          0.00    0.00   clock source latency
     1   19.53    0.00    0.00    0.00 ^ ap_clk (in)
                                         ap_clk (net)
                147.02   46.38   46.38 ^ wire60394/A (BUFx12f_ASAP7_75t_R)
     1   17.94   12.32   29.24   75.63 ^ wire60394/Y (BUFx12f_ASAP7_75t_R)
                                         net60353 (net)
                128.70   40.48  116.10 ^ wire60393/A (BUFx12f_ASAP7_75t_R)
     1   19.13   12.15   28.16  144.26 ^ wire60393/Y (BUFx12f_ASAP7_75t_R)
                                         net60352 (net)
                146.06   45.98  190.24 ^ wire60392/A (BUFx12f_ASAP7_75t_R)
     1   19.16   12.57   29.39  219.62 ^ wire60392/Y (BUFx12f_ASAP7_75t_R)
                                         net60351 (net)
                146.61   46.15  265.77 ^ wire60391/A (BUFx12f_ASAP7_75t_R)
     1   19.16   12.59   29.42  295.19 ^ wire60391/Y (BUFx12f_ASAP7_75t_R)
                                         net60350 (net)
                146.69   46.17  341.36 ^ clkbuf_0_ap_clk/A (BUFx24_ASAP7_75t_R)
     2   15.40   15.33   40.71  382.08 ^ clkbuf_0_ap_clk/Y (BUFx24_ASAP7_75t_R)
                                         clknet_0_ap_clk (net)
                 29.72    8.31  390.39 ^ clkbuf_1_1_0_ap_clk/A (BUFx24_ASAP7_75t_R)
     1    9.44    8.71   23.34  413.73 ^ clkbuf_1_1_0_ap_clk/Y (BUFx24_ASAP7_75t_R)
                                         clknet_1_1_0_ap_clk (net)
                 35.36   10.87  424.60 ^ clkbuf_1_1_1_ap_clk/A (BUFx24_ASAP7_75t_R)
     1    9.44    8.97   24.74  449.34 ^ clkbuf_1_1_1_ap_clk/Y (BUFx24_ASAP7_75t_R)
                                         clknet_1_1_1_ap_clk (net)
                 35.50   10.90  460.24 ^ clkbuf_1_1_2_ap_clk/A (BUFx24_ASAP7_75t_R)
     2   14.15    9.42   24.82  485.05 ^ clkbuf_1_1_2_ap_clk/Y (BUFx24_ASAP7_75t_R)
                                         clknet_1_1_2_ap_clk (net)
                 36.16   10.88  495.93 ^ clkbuf_2_3_0_ap_clk/A (BUFx24_ASAP7_75t_R)
     1    9.08    8.97   24.91  520.84 ^ clkbuf_2_3_0_ap_clk/Y (BUFx24_ASAP7_75t_R)
                                         clknet_2_3_0_ap_clk (net)
                 32.90   10.06  530.90 ^ clkbuf_2_3_1_ap_clk/A (BUFx24_ASAP7_75t_R)
     1    9.09    8.82   24.11  555.00 ^ clkbuf_2_3_1_ap_clk/Y (BUFx24_ASAP7_75t_R)
                                         clknet_2_3_1_ap_clk (net)
                 32.91   10.07  565.07 ^ clkbuf_2_3_2_ap_clk/A (BUFx24_ASAP7_75t_R)
     2   12.67    8.93   24.05  589.12 ^ clkbuf_2_3_2_ap_clk/Y (BUFx24_ASAP7_75t_R)
                                         clknet_2_3_2_ap_clk (net)
                 39.05   11.91  601.04 ^ clkbuf_3_6_0_ap_clk/A (BUFx24_ASAP7_75t_R)
     1    9.04    9.09   25.63  626.66 ^ clkbuf_3_6_0_ap_clk/Y (BUFx24_ASAP7_75t_R)
                                         clknet_3_6_0_ap_clk (net)
                 32.68    9.98  636.64 ^ clkbuf_3_6_1_ap_clk/A (BUFx24_ASAP7_75t_R)
     2   13.80    9.44   24.17  660.81 ^ clkbuf_3_6_1_ap_clk/Y (BUFx24_ASAP7_75t_R)
                                         clknet_3_6_1_ap_clk (net)
                 32.40    9.63  670.43 ^ clkbuf_4_13_0_ap_clk/A (BUFx24_ASAP7_75t_R)
     1    9.05    8.79   23.98  694.41 ^ clkbuf_4_13_0_ap_clk/Y (BUFx24_ASAP7_75t_R)
                                         clknet_4_13_0_ap_clk (net)
                 32.63    9.98  704.39 ^ clkbuf_4_13_1_ap_clk/A (BUFx24_ASAP7_75t_R)
     2   12.47    9.04   24.02  728.41 ^ clkbuf_4_13_1_ap_clk/Y (BUFx24_ASAP7_75t_R)
                                         clknet_4_13_1_ap_clk (net)
                 34.11   10.28  738.69 ^ clkbuf_5_26_0_ap_clk/A (BUFx24_ASAP7_75t_R)
     2   15.13   10.78   25.11  763.80 ^ clkbuf_5_26_0_ap_clk/Y (BUFx24_ASAP7_75t_R)
                                         clknet_5_26_0_ap_clk (net)
                 26.17    7.41  771.21 ^ clkbuf_6_53_0_ap_clk/A (BUFx24_ASAP7_75t_R)
     4   18.43   11.14   23.38  794.58 ^ clkbuf_6_53_0_ap_clk/Y (BUFx24_ASAP7_75t_R)
                                         clknet_6_53_0_ap_clk (net)
                 37.22   11.19  805.77 ^ clkbuf_8_213_0_ap_clk/A (BUFx24_ASAP7_75t_R)
     2    6.72    9.23   25.21  830.98 ^ clkbuf_8_213_0_ap_clk/Y (BUFx24_ASAP7_75t_R)
                                         clknet_8_213_0_ap_clk (net)
                 11.77    2.61  833.59 ^ clkbuf_9_426__f_ap_clk/A (BUFx24_ASAP7_75t_R)
    17   61.86   10.59   19.49  853.07 ^ clkbuf_9_426__f_ap_clk/Y (BUFx24_ASAP7_75t_R)
                                         clknet_9_426__leaf_ap_clk (net)
                265.28   84.34  937.42 ^ clkbuf_leaf_2868_ap_clk/A (BUFx24_ASAP7_75t_R)
    11   16.71   19.81   50.13  987.55 ^ clkbuf_leaf_2868_ap_clk/Y (BUFx24_ASAP7_75t_R)
                                         clknet_leaf_2868_ap_clk (net)
                 20.31    1.64  989.19 ^ u202669/CLK (DFFHQNx1_ASAP7_75t_R)
                        -14.34  974.85   clock reconvergence pessimism
                         13.62  988.47   library hold time
                                988.47   data required time
-----------------------------------------------------------------------------
                                988.47   data required time
                               -875.95   data arrival time
-----------------------------------------------------------------------------
                               -112.53   slack (VIOLATED)



==========================================================================
cts final report_checks -path_delay max
--------------------------------------------------------------------------
Startpoint: u336116 (rising edge-triggered flip-flop clocked by core_clock)
Endpoint: u316933 (rising edge-triggered flip-flop clocked by core_clock)
Path Group: core_clock
Path Type: max

Fanout     Cap    Slew   Delay    Time   Description
-----------------------------------------------------------------------------
                          0.00    0.00   clock core_clock (rise edge)
                          0.00    0.00   clock source latency
     1   19.53    0.00    0.00    0.00 ^ ap_clk (in)
                                         ap_clk (net)
                147.02   46.38   46.38 ^ wire60394/A (BUFx12f_ASAP7_75t_R)
     1   17.94   12.32   29.24   75.63 ^ wire60394/Y (BUFx12f_ASAP7_75t_R)
                                         net60353 (net)
                128.70   40.48  116.10 ^ wire60393/A (BUFx12f_ASAP7_75t_R)
     1   19.13   12.15   28.16  144.26 ^ wire60393/Y (BUFx12f_ASAP7_75t_R)
                                         net60352 (net)
                146.06   45.98  190.24 ^ wire60392/A (BUFx12f_ASAP7_75t_R)
     1   19.16   12.57   29.39  219.62 ^ wire60392/Y (BUFx12f_ASAP7_75t_R)
                                         net60351 (net)
                146.61   46.15  265.77 ^ wire60391/A (BUFx12f_ASAP7_75t_R)
     1   19.16   12.59   29.42  295.19 ^ wire60391/Y (BUFx12f_ASAP7_75t_R)
                                         net60350 (net)
                146.69   46.17  341.36 ^ clkbuf_0_ap_clk/A (BUFx24_ASAP7_75t_R)
     2   15.40   15.33   40.71  382.08 ^ clkbuf_0_ap_clk/Y (BUFx24_ASAP7_75t_R)
                                         clknet_0_ap_clk (net)
                 29.72    8.31  390.39 ^ clkbuf_1_1_0_ap_clk/A (BUFx24_ASAP7_75t_R)
     1    9.44    8.71   23.34  413.73 ^ clkbuf_1_1_0_ap_clk/Y (BUFx24_ASAP7_75t_R)
                                         clknet_1_1_0_ap_clk (net)
                 35.36   10.87  424.60 ^ clkbuf_1_1_1_ap_clk/A (BUFx24_ASAP7_75t_R)
     1    9.44    8.97   24.74  449.34 ^ clkbuf_1_1_1_ap_clk/Y (BUFx24_ASAP7_75t_R)
                                         clknet_1_1_1_ap_clk (net)
                 35.50   10.90  460.24 ^ clkbuf_1_1_2_ap_clk/A (BUFx24_ASAP7_75t_R)
     2   14.15    9.42   24.82  485.05 ^ clkbuf_1_1_2_ap_clk/Y (BUFx24_ASAP7_75t_R)
                                         clknet_1_1_2_ap_clk (net)
                 36.16   10.88  495.93 ^ clkbuf_2_3_0_ap_clk/A (BUFx24_ASAP7_75t_R)
     1    9.08    8.97   24.91  520.84 ^ clkbuf_2_3_0_ap_clk/Y (BUFx24_ASAP7_75t_R)
                                         clknet_2_3_0_ap_clk (net)
                 32.90   10.06  530.90 ^ clkbuf_2_3_1_ap_clk/A (BUFx24_ASAP7_75t_R)
     1    9.09    8.82   24.11  555.00 ^ clkbuf_2_3_1_ap_clk/Y (BUFx24_ASAP7_75t_R)
                                         clknet_2_3_1_ap_clk (net)
                 32.91   10.07  565.07 ^ clkbuf_2_3_2_ap_clk/A (BUFx24_ASAP7_75t_R)
     2   12.67    8.93   24.05  589.12 ^ clkbuf_2_3_2_ap_clk/Y (BUFx24_ASAP7_75t_R)
                                         clknet_2_3_2_ap_clk (net)
                 39.05   11.91  601.04 ^ clkbuf_3_6_0_ap_clk/A (BUFx24_ASAP7_75t_R)
     1    9.04    9.09   25.63  626.66 ^ clkbuf_3_6_0_ap_clk/Y (BUFx24_ASAP7_75t_R)
                                         clknet_3_6_0_ap_clk (net)
                 32.68    9.98  636.64 ^ clkbuf_3_6_1_ap_clk/A (BUFx24_ASAP7_75t_R)
     2   13.80    9.44   24.17  660.81 ^ clkbuf_3_6_1_ap_clk/Y (BUFx24_ASAP7_75t_R)
                                         clknet_3_6_1_ap_clk (net)
                 33.83   10.14  670.95 ^ clkbuf_4_12_0_ap_clk/A (BUFx24_ASAP7_75t_R)
     1    9.44    8.90   24.36  695.30 ^ clkbuf_4_12_0_ap_clk/Y (BUFx24_ASAP7_75t_R)
                                         clknet_4_12_0_ap_clk (net)
                 35.42   10.88  706.18 ^ clkbuf_4_12_1_ap_clk/A (BUFx24_ASAP7_75t_R)
     2   14.71    9.82   24.95  731.14 ^ clkbuf_4_12_1_ap_clk/Y (BUFx24_ASAP7_75t_R)
                                         clknet_4_12_1_ap_clk (net)
                 33.62    9.99  741.13 ^ clkbuf_5_24_0_ap_clk/A (BUFx24_ASAP7_75t_R)
     2   15.14   10.93   25.09  766.22 ^ clkbuf_5_24_0_ap_clk/Y (BUFx24_ASAP7_75t_R)
                                         clknet_5_24_0_ap_clk (net)
                 26.29    7.50  773.72 ^ clkbuf_6_48_0_ap_clk/A (BUFx24_ASAP7_75t_R)
     4   20.95   13.59   23.42  797.13 ^ clkbuf_6_48_0_ap_clk/Y (BUFx24_ASAP7_75t_R)
                                         clknet_6_48_0_ap_clk (net)
                 32.03    9.08  806.22 ^ clkbuf_8_192_0_ap_clk/A (BUFx24_ASAP7_75t_R)
     2    7.49    9.37   24.10  830.31 ^ clkbuf_8_192_0_ap_clk/Y (BUFx24_ASAP7_75t_R)
                                         clknet_8_192_0_ap_clk (net)
                 11.61    2.44  832.76 ^ clkbuf_9_384__f_ap_clk/A (BUFx24_ASAP7_75t_R)
    28   94.92   19.72   22.18  854.93 ^ clkbuf_9_384__f_ap_clk/Y (BUFx24_ASAP7_75t_R)
                                         clknet_9_384__leaf_ap_clk (net)
                145.34   43.81  898.74 ^ clkbuf_leaf_425_ap_clk/A (BUFx24_ASAP7_75t_R)
    23   17.64   17.24   41.85  940.59 ^ clkbuf_leaf_425_ap_clk/Y (BUFx24_ASAP7_75t_R)
                                         clknet_leaf_425_ap_clk (net)
                 17.54    1.14  941.73 ^ u336116/CLK (DFFHQNx1_ASAP7_75t_R)
     2    1.36   16.75   38.95  980.68 v u336116/QN (DFFHQNx1_ASAP7_75t_R)
                                         uacc_section14_allocator_udiv_144ns_128ns_144_148_1_U52.uacc_section14_allocator_uacc_section14_allocator_udiv_144ns_128ns_144_148_1_div_U.uacc_section14_allocator_uacc_section14_allocator_udiv_144ns_128ns_144_148_1_div_u_0.divisor_tmp[7424] (net)
                 16.75    0.05  980.72 v u336117/A (INVx1_ASAP7_75t_R)
     2    1.55   13.69   10.95  991.67 ^ u336117/Y (INVx1_ASAP7_75t_R)
                                         n238715 (net)
                 13.70    0.09  991.76 ^ u336119/A (OR2x2_ASAP7_75t_R)
     2    2.18   10.18   18.07 1009.83 ^ u336119/Y (OR2x2_ASAP7_75t_R)
                                         n256952 (net)
                 10.19    0.15 1009.99 ^ u336123/A (MAJx2_ASAP7_75t_R)
     2    2.45   12.62   19.95 1029.94 ^ u336123/Y (MAJx2_ASAP7_75t_R)
                                         n256955 (net)
                 12.64    0.28 1030.22 ^ u336127/A (MAJx2_ASAP7_75t_R)
     2    2.17   11.73   20.20 1050.42 ^ u336127/Y (MAJx2_ASAP7_75t_R)
                                         n256958 (net)
                 11.73    0.13 1050.55 ^ u336131/A (MAJx2_ASAP7_75t_R)
     2    2.02   11.23   19.69 1070.24 ^ u336131/Y (MAJx2_ASAP7_75t_R)
                                         n256961 (net)
                 11.24    0.12 1070.36 ^ u336135/A (MAJx2_ASAP7_75t_R)
     2    2.10   11.47   19.70 1090.06 ^ u336135/Y (MAJx2_ASAP7_75t_R)
                                         n256964 (net)
                 11.48    0.14 1090.20 ^ u336139/A (MAJx2_ASAP7_75t_R)
     2    2.39   12.45   20.23 1110.42 ^ u336139/Y (MAJx2_ASAP7_75t_R)
                                         n256967 (net)
                 12.47    0.28 1110.70 ^ u336143/A (MAJx2_ASAP7_75t_R)
     2    2.37   12.35   20.47 1131.17 ^ u336143/Y (MAJx2_ASAP7_75t_R)
                                         n256970 (net)
                 12.37    0.26 1131.43 ^ u336147/A (MAJx2_ASAP7_75t_R)
     2    2.38   12.38   20.46 1151.89 ^ u336147/Y (MAJx2_ASAP7_75t_R)
                                         n256973 (net)
                 12.39    0.24 1152.13 ^ u336151/A (MAJx2_ASAP7_75t_R)
     2    5.56   22.95   24.61 1176.74 ^ u336151/Y (MAJx2_ASAP7_75t_R)
                                         n256976 (net)
                 23.97    2.59 1179.33 ^ u336155/A (MAJx2_ASAP7_75t_R)
     2    2.68   13.35   23.98 1203.31 ^ u336155/Y (MAJx2_ASAP7_75t_R)
                                         n256979 (net)
                 13.39    0.39 1203.70 ^ u336159/A (MAJx2_ASAP7_75t_R)
     2    3.86   17.45   22.86 1226.56 ^ u336159/Y (MAJx2_ASAP7_75t_R)
                                         n256982 (net)
                 17.69    1.12 1227.69 ^ u336160/B (OA21x2_ASAP7_75t_R)
     1    1.29    8.66   18.25 1245.93 ^ u336160/Y (OA21x2_ASAP7_75t_R)
                                         n256983 (net)
                  8.66    0.05 1245.98 ^ u336161/B (AOI21x1_ASAP7_75t_R)
     2    2.25   18.13    9.13 1255.11 v u336161/Y (AOI21x1_ASAP7_75t_R)
                                         n256984 (net)
                 18.14    0.22 1255.33 v u336162/B (NOR2x1_ASAP7_75t_R)
     2    1.48   14.68   11.54 1266.88 ^ u336162/Y (NOR2x1_ASAP7_75t_R)
                                         n256985 (net)
                 14.68    0.04 1266.92 ^ u336163/B (AO21x1_ASAP7_75t_R)
     2    2.14   16.44   16.80 1283.72 ^ u336163/Y (AO21x1_ASAP7_75t_R)
                                         n256986 (net)
                 16.44    0.16 1283.87 ^ u336167/A (MAJx2_ASAP7_75t_R)
     2    2.26   12.03   21.45 1305.32 ^ u336167/Y (MAJx2_ASAP7_75t_R)
                                         n256989 (net)
                 12.05    0.20 1305.53 ^ u336171/A (MAJx2_ASAP7_75t_R)
     2    2.90   14.05   21.20 1326.72 ^ u336171/Y (MAJx2_ASAP7_75t_R)
                                         n256992 (net)
                 14.11    0.48 1327.21 ^ u336175/A (MAJx2_ASAP7_75t_R)
     2    2.23   11.91   20.72 1347.93 ^ u336175/Y (MAJx2_ASAP7_75t_R)
                                         n256995 (net)
                 11.92    0.17 1348.10 ^ u336179/A (MAJx2_ASAP7_75t_R)
     2    3.49   16.10   21.96 1370.06 ^ u336179/Y (MAJx2_ASAP7_75t_R)
                                         n256998 (net)
                 16.26    0.88 1370.94 ^ u336183/A (MAJx2_ASAP7_75t_R)
     2    2.43   12.58   21.66 1392.60 ^ u336183/Y (MAJx2_ASAP7_75t_R)
                                         n257001 (net)
                 12.60    0.28 1392.88 ^ u336187/A (MAJx2_ASAP7_75t_R)
     2    2.69   13.42   21.02 1413.90 ^ u336187/Y (MAJx2_ASAP7_75t_R)
                                         n257004 (net)
                 13.46    0.41 1414.31 ^ u336188/B (OA21x2_ASAP7_75t_R)
     1    1.32    8.80   17.53 1431.84 ^ u336188/Y (OA21x2_ASAP7_75t_R)
                                         n257005 (net)
                  8.80    0.05 1431.90 ^ u336189/B (AOI21x1_ASAP7_75t_R)
     2    2.36   18.86    9.36 1441.26 v u336189/Y (AOI21x1_ASAP7_75t_R)
                                         n257006 (net)
                 18.87    0.25 1441.51 v u336190/B (NOR2x1_ASAP7_75t_R)
     2    1.38   14.36   11.37 1452.88 ^ u336190/Y (NOR2x1_ASAP7_75t_R)
                                         n257007 (net)
                 14.36    0.04 1452.92 ^ u336191/B (AO21x1_ASAP7_75t_R)
     2    2.35   17.73   17.28 1470.19 ^ u336191/Y (AO21x1_ASAP7_75t_R)
                                         n257008 (net)
                 17.73    0.26 1470.46 ^ u336195/A (MAJx2_ASAP7_75t_R)
     2    2.44   12.62   22.10 1492.56 ^ u336195/Y (MAJx2_ASAP7_75t_R)
                                         n257011 (net)
                 12.64    0.29 1492.85 ^ u336199/A (MAJx2_ASAP7_75t_R)
     2    2.51   12.82   20.77 1513.62 ^ u336199/Y (MAJx2_ASAP7_75t_R)
                                         n257014 (net)
                 12.85    0.31 1513.93 ^ u336203/A (MAJx2_ASAP7_75t_R)
     2    2.26   12.01   20.42 1534.34 ^ u336203/Y (MAJx2_ASAP7_75t_R)
                                         n257017 (net)
                 12.02    0.20 1534.55 ^ u336207/A (MAJx2_ASAP7_75t_R)
     2    2.20   11.83   20.06 1554.61 ^ u336207/Y (MAJx2_ASAP7_75t_R)
                                         n257020 (net)
                 11.84    0.19 1554.80 ^ u336211/A (MAJx2_ASAP7_75t_R)
     2    2.08   11.48   19.84 1574.64 ^ u336211/Y (MAJx2_ASAP7_75t_R)
                                         n257023 (net)
                 11.49    0.13 1574.77 ^ u336215/A (MAJx2_ASAP7_75t_R)
     2    2.03   11.32   19.64 1594.41 ^ u336215/Y (MAJx2_ASAP7_75t_R)
                                         n257026 (net)
                 11.32    0.12 1594.53 ^ u336216/B (OA21x2_ASAP7_75t_R)
     1    1.31    8.72   17.13 1611.66 ^ u336216/Y (OA21x2_ASAP7_75t_R)
                                         n257027 (net)
                  8.72    0.05 1611.71 ^ u336217/B (AOI21x1_ASAP7_75t_R)
     2    2.62   19.73    9.84 1621.55 v u336217/Y (AOI21x1_ASAP7_75t_R)
                                         n257028 (net)
                 19.73    0.20 1621.75 v u336219/B (MAJx2_ASAP7_75t_R)
     2    2.73   12.17   27.00 1648.75 v u336219/Y (MAJx2_ASAP7_75t_R)
                                         n257030 (net)
                 12.18    0.20 1648.95 v u336222/B (MAJx2_ASAP7_75t_R)
     2    2.70   12.39   24.72 1673.67 v u336222/Y (MAJx2_ASAP7_75t_R)
                                         n257033 (net)
                 12.41    0.27 1673.93 v u336224/B (MAJx2_ASAP7_75t_R)
     2    2.58   11.82   24.62 1698.55 v u336224/Y (MAJx2_ASAP7_75t_R)
                                         n257035 (net)
                 11.82    0.14 1698.69 v u336227/B (MAJx2_ASAP7_75t_R)
     2    2.81   12.80   24.77 1723.46 v u336227/Y (MAJx2_ASAP7_75t_R)
                                         n257038 (net)
                 12.83    0.31 1723.77 v u336229/B (MAJx2_ASAP7_75t_R)
     2    2.87   12.56   25.19 1748.96 v u336229/Y (MAJx2_ASAP7_75t_R)
                                         n257040 (net)
                 12.58    0.27 1749.24 v u336232/B (MAJx2_ASAP7_75t_R)
     2    2.85   12.90   25.06 1774.30 v u336232/Y (MAJx2_ASAP7_75t_R)
                                         n257043 (net)
                 12.93    0.35 1774.64 v u336234/B (MAJx2_ASAP7_75t_R)
     2    2.67   12.06   24.93 1799.57 v u336234/Y (MAJx2_ASAP7_75t_R)
                                         n257045 (net)
                 12.07    0.17 1799.73 v u336237/B (MAJx2_ASAP7_75t_R)
     2    2.60   12.16   24.53 1824.26 v u336237/Y (MAJx2_ASAP7_75t_R)
                                         n257048 (net)
                 12.17    0.22 1824.48 v u336239/B (MAJx2_ASAP7_75t_R)
     2    3.11   13.31   25.32 1849.80 v u336239/Y (MAJx2_ASAP7_75t_R)
                                         n257050 (net)
                 13.35    0.39 1850.18 v u336242/B (MAJx2_ASAP7_75t_R)
     2    2.84   12.80   25.24 1875.42 v u336242/Y (MAJx2_ASAP7_75t_R)
                                         n257053 (net)
                 12.83    0.36 1875.78 v u336244/B (MAJx2_ASAP7_75t_R)
     2    2.76   12.27   25.04 1900.83 v u336244/Y (MAJx2_ASAP7_75t_R)
                                         n257055 (net)
                 12.29    0.20 1901.03 v u336247/B (MAJx2_ASAP7_75t_R)
     2    2.50   11.91   24.44 1925.47 v u336247/Y (MAJx2_ASAP7_75t_R)
                                         n257058 (net)
                 11.92    0.15 1925.62 v u336249/B (MAJx2_ASAP7_75t_R)
     2    2.77   12.31   24.79 1950.40 v u336249/Y (MAJx2_ASAP7_75t_R)
                                         n257060 (net)
                 12.33    0.22 1950.63 v u336252/B (MAJx2_ASAP7_75t_R)
     2    2.54   12.05   24.51 1975.14 v u336252/Y (MAJx2_ASAP7_75t_R)
                                         n257063 (net)
                 12.06    0.20 1975.34 v u336254/B (MAJx2_ASAP7_75t_R)
     2    2.64   11.96   24.62 1999.96 v u336254/Y (MAJx2_ASAP7_75t_R)
                                         n257065 (net)
                 11.96    0.12 2000.08 v u336257/B (MAJx2_ASAP7_75t_R)
     2    2.58   12.13   24.47 2024.54 v u336257/Y (MAJx2_ASAP7_75t_R)
                                         n257068 (net)
                 12.14    0.21 2024.75 v u336259/B (MAJx2_ASAP7_75t_R)
     2    2.60   11.84   24.58 2049.33 v u336259/Y (MAJx2_ASAP7_75t_R)
                                         n257070 (net)
                 11.85    0.12 2049.45 v u336262/B (MAJx2_ASAP7_75t_R)
     2    2.80   12.63   24.79 2074.23 v u336262/Y (MAJx2_ASAP7_75t_R)
                                         n257073 (net)
                 12.66    0.28 2074.51 v u336264/B (MAJx2_ASAP7_75t_R)
     2    2.66   12.00   24.86 2099.37 v u336264/Y (MAJx2_ASAP7_75t_R)
                                         n257075 (net)
                 12.00    0.12 2099.49 v u336267/B (MAJx2_ASAP7_75t_R)
     2    2.10   10.93   23.65 2123.14 v u336267/Y (MAJx2_ASAP7_75t_R)
                                         n257078 (net)
                 10.94    0.15 2123.29 v u336268/B (NOR2x1_ASAP7_75t_R)
     2    1.44   12.67    9.65 2132.95 ^ u336268/Y (NOR2x1_ASAP7_75t_R)
                                         n257079 (net)
                 12.67    0.04 2132.98 ^ u336269/B (AO21x1_ASAP7_75t_R)
     2    2.10   16.23   16.26 2149.25 ^ u336269/Y (AO21x1_ASAP7_75t_R)
                                         n257080 (net)
                 16.23    0.13 2149.37 ^ u336273/A (MAJx2_ASAP7_75t_R)
     3    3.33   15.29   23.15 2172.52 ^ u336273/Y (MAJx2_ASAP7_75t_R)
                                         n257083 (net)
                 15.31    0.34 2172.86 ^ u336285/A1 (OAI21x1_ASAP7_75t_R)
     2    2.63   16.45   11.46 2184.32 v u336285/Y (OAI21x1_ASAP7_75t_R)
                                         n257093 (net)
                 16.46    0.24 2184.56 v u336287/B (MAJx2_ASAP7_75t_R)
     2    2.70   12.13   25.99 2210.55 v u336287/Y (MAJx2_ASAP7_75t_R)
                                         n257095 (net)
                 12.14    0.20 2210.75 v u336290/B (MAJx2_ASAP7_75t_R)
     2    2.59   12.16   24.52 2235.28 v u336290/Y (MAJx2_ASAP7_75t_R)
                                         n257098 (net)
                 12.18    0.23 2235.51 v u336292/B (MAJx2_ASAP7_75t_R)
     2    2.80   12.38   24.90 2260.41 v u336292/Y (MAJx2_ASAP7_75t_R)
                                         n257100 (net)
                 12.40    0.22 2260.63 v u336295/B (MAJx2_ASAP7_75t_R)
     2    2.46   11.84   24.41 2285.03 v u336295/Y (MAJx2_ASAP7_75t_R)
                                         n257103 (net)
                 11.85    0.16 2285.19 v u336297/B (MAJx2_ASAP7_75t_R)
     2    2.59   11.85   24.46 2309.65 v u336297/Y (MAJx2_ASAP7_75t_R)
                                         n257105 (net)
                 11.86    0.16 2309.81 v u336300/B (MAJx2_ASAP7_75t_R)
     2    2.51   11.94   24.32 2334.13 v u336300/Y (MAJx2_ASAP7_75t_R)
                                         n257108 (net)
                 11.95    0.17 2334.31 v u336302/B (MAJx2_ASAP7_75t_R)
     2    2.73   12.19   24.73 2359.04 v u336302/Y (MAJx2_ASAP7_75t_R)
                                         n257110 (net)
                 12.20    0.18 2359.22 v u336305/B (MAJx2_ASAP7_75t_R)
     2    2.42   11.75   24.27 2383.49 v u336305/Y (MAJx2_ASAP7_75t_R)
                                         n257113 (net)
                 11.75    0.14 2383.63 v u336307/B (MAJx2_ASAP7_75t_R)
     2    2.67   12.06   24.58 2408.21 v u336307/Y (MAJx2_ASAP7_75t_R)
                                         n257115 (net)
                 12.06    0.16 2408.37 v u336310/B (MAJx2_ASAP7_75t_R)
     2    2.59   12.09   24.51 2432.88 v u336310/Y (MAJx2_ASAP7_75t_R)
                                         n257118 (net)
                 12.10    0.22 2433.09 v u336312/B (MAJx2_ASAP7_75t_R)
     2    2.64   11.98   24.63 2457.72 v u336312/Y (MAJx2_ASAP7_75t_R)
                                         n257120 (net)
                 11.99    0.16 2457.88 v u336315/B (MAJx2_ASAP7_75t_R)
     2    2.57   12.07   24.45 2482.33 v u336315/Y (MAJx2_ASAP7_75t_R)
                                         n257123 (net)
                 12.09    0.21 2482.54 v u336317/B (MAJx2_ASAP7_75t_R)
     2    2.96   12.86   25.11 2507.65 v u336317/Y (MAJx2_ASAP7_75t_R)
                                         n257125 (net)
                 12.89    0.34 2507.99 v u336320/B (MAJx2_ASAP7_75t_R)
     2    2.51   11.93   24.63 2532.62 v u336320/Y (MAJx2_ASAP7_75t_R)
                                         n257128 (net)
                 11.94    0.19 2532.80 v u336322/B (MAJx2_ASAP7_75t_R)
     2    2.87   12.57   24.92 2557.72 v u336322/Y (MAJx2_ASAP7_75t_R)
                                         n257130 (net)
                 12.59    0.29 2558.01 v u336325/B (MAJx2_ASAP7_75t_R)
     2    2.48   11.81   24.48 2582.49 v u336325/Y (MAJx2_ASAP7_75t_R)
                                         n257133 (net)
                 11.82    0.17 2582.66 v u336327/B (MAJx2_ASAP7_75t_R)
     2    2.76   12.30   24.73 2607.39 v u336327/Y (MAJx2_ASAP7_75t_R)
                                         n257135 (net)
                 12.32    0.24 2607.63 v u336330/B (MAJx2_ASAP7_75t_R)
     2    2.63   12.20   24.64 2632.26 v u336330/Y (MAJx2_ASAP7_75t_R)
                                         n257138 (net)
                 12.21    0.23 2632.50 v u336332/B (MAJx2_ASAP7_75t_R)
     2    2.88   12.60   25.01 2657.51 v u336332/Y (MAJx2_ASAP7_75t_R)
                                         n257140 (net)
                 12.62    0.30 2657.80 v u336335/B (MAJx2_ASAP7_75t_R)
     2    2.78   12.65   24.95 2682.75 v u336335/Y (MAJx2_ASAP7_75t_R)
                                         n257143 (net)
                 12.68    0.32 2683.06 v u336337/B (MAJx2_ASAP7_75t_R)
     2    2.74   12.21   24.97 2708.04 v u336337/Y (MAJx2_ASAP7_75t_R)
                                         n257145 (net)
                 12.22    0.17 2708.20 v u336340/B (MAJx2_ASAP7_75t_R)
     2    3.03   13.45   25.20 2733.41 v u336340/Y (MAJx2_ASAP7_75t_R)
                                         n257148 (net)
                 13.50    0.45 2733.86 v u336342/B (MAJx2_ASAP7_75t_R)
     2    2.99   12.94   25.55 2759.41 v u336342/Y (MAJx2_ASAP7_75t_R)
                                         n257150 (net)
                 12.97    0.35 2759.76 v u336345/B (MAJx2_ASAP7_75t_R)
     2    2.65   12.25   24.85 2784.61 v u336345/Y (MAJx2_ASAP7_75t_R)
                                         n257153 (net)
                 12.27    0.25 2784.86 v u336347/B (MAJx2_ASAP7_75t_R)
     2    2.82   12.44   24.95 2809.82 v u336347/Y (MAJx2_ASAP7_75t_R)
                                         n257155 (net)
                 12.46    0.25 2810.07 v u336350/B (MAJx2_ASAP7_75t_R)
     2    2.56   11.99   24.58 2834.65 v u336350/Y (MAJx2_ASAP7_75t_R)
                                         n257158 (net)
                 12.00    0.20 2834.85 v u336352/B (MAJx2_ASAP7_75t_R)
     2    2.92   12.74   25.02 2859.87 v u336352/Y (MAJx2_ASAP7_75t_R)
                                         n257160 (net)
                 12.77    0.32 2860.18 v u336355/B (MAJx2_ASAP7_75t_R)
     2    2.46   11.75   24.50 2884.69 v u336355/Y (MAJx2_ASAP7_75t_R)
                                         n257163 (net)
                 11.76    0.15 2884.84 v u336357/B (MAJx2_ASAP7_75t_R)
     2    2.74   12.25   24.68 2909.52 v u336357/Y (MAJx2_ASAP7_75t_R)
                                         n257165 (net)
                 12.27    0.23 2909.75 v u336360/B (MAJx2_ASAP7_75t_R)
     2    2.43   11.68   24.31 2934.06 v u336360/Y (MAJx2_ASAP7_75t_R)
                                         n257168 (net)
                 11.69    0.14 2934.20 v u336362/B (MAJx2_ASAP7_75t_R)
     2    2.76   12.28   24.69 2958.89 v u336362/Y (MAJx2_ASAP7_75t_R)
                                         n257170 (net)
                 12.29    0.20 2959.08 v u336365/B (MAJx2_ASAP7_75t_R)
     2    2.40   11.62   24.28 2983.36 v u336365/Y (MAJx2_ASAP7_75t_R)
                                         n257173 (net)
                 11.62    0.13 2983.49 v u336367/B (MAJx2_ASAP7_75t_R)
     2    2.87   12.57   24.83 3008.32 v u336367/Y (MAJx2_ASAP7_75t_R)
                                         n257175 (net)
                 12.59    0.26 3008.58 v u336370/B (MAJx2_ASAP7_75t_R)
     2    2.49   11.85   24.51 3033.09 v u336370/Y (MAJx2_ASAP7_75t_R)
                                         n257178 (net)
                 11.85    0.16 3033.25 v u336372/B (MAJx2_ASAP7_75t_R)
     2    2.69   12.12   24.63 3057.88 v u336372/Y (MAJx2_ASAP7_75t_R)
                                         n257180 (net)
                 12.13    0.20 3058.08 v u336375/B (MAJx2_ASAP7_75t_R)
     2    2.60   12.12   24.54 3082.63 v u336375/Y (MAJx2_ASAP7_75t_R)
                                         n257183 (net)
                 12.13    0.19 3082.82 v u336377/B (MAJx2_ASAP7_75t_R)
     2    2.62   11.92   24.60 3107.42 v u336377/Y (MAJx2_ASAP7_75t_R)
                                         n257185 (net)
                 11.93    0.16 3107.58 v u336380/B (MAJx2_ASAP7_75t_R)
     2    2.58   12.05   24.45 3132.03 v u336380/Y (MAJx2_ASAP7_75t_R)
                                         n257188 (net)
                 12.06    0.19 3132.22 v u336382/B (MAJx2_ASAP7_75t_R)
     2    2.81   12.43   24.86 3157.08 v u336382/Y (MAJx2_ASAP7_75t_R)
                                         n257190 (net)
                 12.45    0.26 3157.35 v u336385/B (MAJx2_ASAP7_75t_R)
     2    2.45   11.74   24.40 3181.74 v u336385/Y (MAJx2_ASAP7_75t_R)
                                         n257193 (net)
                 11.75    0.16 3181.90 v u336387/B (MAJx2_ASAP7_75t_R)
     2    2.76   12.27   24.71 3206.61 v u336387/Y (MAJx2_ASAP7_75t_R)
                                         n257195 (net)
                 12.29    0.21 3206.81 v u336390/B (MAJx2_ASAP7_75t_R)
     2    2.69   12.39   24.73 3231.54 v u336390/Y (MAJx2_ASAP7_75t_R)
                                         n257198 (net)
                 12.41    0.26 3231.80 v u336392/B (MAJx2_ASAP7_75t_R)
     2    2.64   11.99   24.72 3256.52 v u336392/Y (MAJx2_ASAP7_75t_R)
                                         n257200 (net)
                 12.00    0.17 3256.69 v u336395/B (MAJx2_ASAP7_75t_R)
     2    2.67   12.32   24.60 3281.29 v u336395/Y (MAJx2_ASAP7_75t_R)
                                         n257203 (net)
                 12.34    0.27 3281.56 v u336397/B (MAJx2_ASAP7_75t_R)
     2    3.14   13.41   25.41 3306.97 v u336397/Y (MAJx2_ASAP7_75t_R)
                                         n257205 (net)
                 13.45    0.39 3307.36 v u336400/B (MAJx2_ASAP7_75t_R)
     2    2.44   11.75   24.68 3332.04 v u336400/Y (MAJx2_ASAP7_75t_R)
                                         n257208 (net)
                 11.75    0.12 3332.16 v u336402/B (MAJx2_ASAP7_75t_R)
     2    2.52   11.66   24.35 3356.51 v u336402/Y (MAJx2_ASAP7_75t_R)
                                         n257210 (net)
                 11.67    0.11 3356.61 v u336405/B (MAJx2_ASAP7_75t_R)
     2    2.41   11.68   24.13 3380.74 v u336405/Y (MAJx2_ASAP7_75t_R)
                                         n257213 (net)
                 11.68    0.08 3380.82 v u336407/B (MAJx2_ASAP7_75t_R)
     2    2.83   12.47   24.80 3405.62 v u336407/Y (MAJx2_ASAP7_75t_R)
                                         n257215 (net)
                 12.49    0.26 3405.88 v u336410/B (MAJx2_ASAP7_75t_R)
     2    2.42   11.71   24.37 3430.24 v u336410/Y (MAJx2_ASAP7_75t_R)
                                         n257218 (net)
                 11.72    0.14 3430.39 v u336412/B (MAJx2_ASAP7_75t_R)
     2    2.73   12.19   24.65 3455.04 v u336412/Y (MAJx2_ASAP7_75t_R)
                                         n257220 (net)
                 12.20    0.20 3455.24 v u336415/B (MAJx2_ASAP7_75t_R)
     2    2.44   11.89   24.32 3479.56 v u336415/Y (MAJx2_ASAP7_75t_R)
                                         n257223 (net)
                 11.90    0.14 3479.70 v u336417/B (MAJx2_ASAP7_75t_R)
     2    2.74   12.22   24.72 3504.42 v u336417/Y (MAJx2_ASAP7_75t_R)
                                         n257225 (net)
                 12.23    0.19 3504.61 v u336420/B (MAJx2_ASAP7_75t_R)
     2    2.33   11.54   24.16 3528.77 v u336420/Y (MAJx2_ASAP7_75t_R)
                                         n257228 (net)
                 11.54    0.07 3528.84 v u336422/B (MAJx2_ASAP7_75t_R)
     2    2.56   11.77   24.33 3553.18 v u336422/Y (MAJx2_ASAP7_75t_R)
                                         n257230 (net)
                 11.78    0.13 3553.30 v u336425/B (MAJx2_ASAP7_75t_R)
     2    2.48   12.05   24.26 3577.56 v u336425/Y (MAJx2_ASAP7_75t_R)
                                         n257233 (net)
                 12.06    0.16 3577.72 v u336427/B (MAJx2_ASAP7_75t_R)
     2    2.63   11.91   24.61 3602.34 v u336427/Y (MAJx2_ASAP7_75t_R)
                                         n257235 (net)
                 11.92    0.12 3602.46 v u336430/B (MAJx2_ASAP7_75t_R)
     2    2.39   11.64   24.15 3626.61 v u336430/Y (MAJx2_ASAP7_75t_R)
                                         n257238 (net)
                 11.65    0.10 3626.71 v u336432/B (MAJx2_ASAP7_75t_R)
     2    2.63   11.95   24.49 3651.20 v u336432/Y (MAJx2_ASAP7_75t_R)
                                         n257240 (net)
                 11.95    0.15 3651.35 v u336435/B (MAJx2_ASAP7_75t_R)
     2    2.32   11.60   24.07 3675.42 v u336435/Y (MAJx2_ASAP7_75t_R)
                                         n257243 (net)
                 11.60    0.08 3675.50 v u336437/B (MAJx2_ASAP7_75t_R)
     2    2.55   11.74   24.33 3699.83 v u336437/Y (MAJx2_ASAP7_75t_R)
                                         n257245 (net)
                 11.74    0.13 3699.96 v u336440/B (MAJx2_ASAP7_75t_R)
     2    2.49   11.96   24.26 3724.22 v u336440/Y (MAJx2_ASAP7_75t_R)
                                         n257248 (net)
                 11.97    0.16 3724.38 v u336442/B (MAJx2_ASAP7_75t_R)
     2    2.68   12.04   24.69 3749.07 v u336442/Y (MAJx2_ASAP7_75t_R)
                                         n257250 (net)
                 12.04    0.10 3749.17 v u336445/B (MAJx2_ASAP7_75t_R)
     2    2.49   12.02   24.35 3773.52 v u336445/Y (MAJx2_ASAP7_75t_R)
                                         n257253 (net)
                 12.03    0.15 3773.68 v u336447/B (MAJx2_ASAP7_75t_R)
     2    2.57   11.77   24.52 3798.20 v u336447/Y (MAJx2_ASAP7_75t_R)
                                         n257255 (net)
                 11.77    0.09 3798.29 v u336450/B (MAJx2_ASAP7_75t_R)
     2    2.33   11.42   24.03 3822.32 v u336450/Y (MAJx2_ASAP7_75t_R)
                                         n257258 (net)
                 11.42    0.08 3822.40 v u336452/B (MAJx2_ASAP7_75t_R)
     2    2.87   12.58   24.79 3847.19 v u336452/Y (MAJx2_ASAP7_75t_R)
                                         n257260 (net)
                 12.60    0.27 3847.46 v u336455/B (MAJx2_ASAP7_75t_R)
     2    2.43   11.72   24.41 3871.87 v u336455/Y (MAJx2_ASAP7_75t_R)
                                         n257263 (net)
                 11.73    0.15 3872.02 v u336457/B (MAJx2_ASAP7_75t_R)
     2    2.67   12.04   24.57 3896.59 v u336457/Y (MAJx2_ASAP7_75t_R)
                                         n257265 (net)
                 12.05    0.18 3896.77 v u336460/B (MAJx2_ASAP7_75t_R)
     2    2.41   11.63   24.22 3920.98 v u336460/Y (MAJx2_ASAP7_75t_R)
                                         n257268 (net)
                 11.63    0.13 3921.11 v u336462/B (MAJx2_ASAP7_75t_R)
     2    2.73   12.20   24.61 3945.72 v u336462/Y (MAJx2_ASAP7_75t_R)
                                         n257270 (net)
                 12.21    0.22 3945.94 v u336465/B (MAJx2_ASAP7_75t_R)
     2    2.20   11.23   23.88 3969.82 v u336465/Y (MAJx2_ASAP7_75t_R)
                                         n257273 (net)
                 11.24    0.17 3969.99 v u336469/A (MAJx2_ASAP7_75t_R)
     2    2.89   12.91   23.02 3993.01 v u336469/Y (MAJx2_ASAP7_75t_R)
                                         n257277 (net)
                 12.93    0.31 3993.32 v u336472/B (MAJx2_ASAP7_75t_R)
     3    2.86   12.75   25.20 4018.52 v u336472/Y (MAJx2_ASAP7_75t_R)
                                         n257280 (net)
                 12.77    0.24 4018.76 v u336473/C (OR3x1_ASAP7_75t_R)
     1    1.14   10.70   22.59 4041.35 v u336473/Y (OR3x1_ASAP7_75t_R)
                                         n257281 (net)
                 10.70    0.05 4041.40 v u336476/A (NAND2x1_ASAP7_75t_R)
     3    3.64   27.26   17.41 4058.80 ^ u336476/Y (NAND2x1_ASAP7_75t_R)
                                         n257284 (net)
                 27.28    0.43 4059.23 ^ u336478/C (OR4x1_ASAP7_75t_R)
     4    3.91   26.69   24.76 4084.00 ^ u336478/Y (OR4x1_ASAP7_75t_R)
                                         n257286 (net)
                 26.70    0.16 4084.16 ^ u336480/A (OR2x2_ASAP7_75t_R)
     5    6.36   22.82   27.42 4111.58 ^ u336480/Y (OR2x2_ASAP7_75t_R)
                                         n257288 (net)
                 22.82    0.20 4111.78 ^ u336497/A (NOR2x2_ASAP7_75t_R)
    29   34.58  101.70   47.26 4159.04 v u336497/Y (NOR2x2_ASAP7_75t_R)
                                         n256731 (net)
                103.17    6.92 4165.96 v place54623/A (BUFx3_ASAP7_75t_R)
    29   26.16   54.70   45.95 4211.91 v place54623/Y (BUFx3_ASAP7_75t_R)
                                         net54582 (net)
                 66.87   13.47 4225.38 v place54622/A (BUFx3_ASAP7_75t_R)
    37   36.23   73.68   44.89 4270.26 v place54622/Y (BUFx3_ASAP7_75t_R)
                                         net54581 (net)
                 94.00   20.58 4290.84 v place54621/A (BUFx6f_ASAP7_75t_R)
    60   54.79   57.96   37.96 4328.80 v place54621/Y (BUFx6f_ASAP7_75t_R)
                                         net54580 (net)
                124.00   36.92 4365.72 v u336720/B (NAND2x1_ASAP7_75t_R)
     1    0.81   25.30   23.13 4388.85 ^ u336720/Y (NAND2x1_ASAP7_75t_R)
                                         n257438 (net)
                 25.30    0.04 4388.89 ^ u336721/B (OA21x2_ASAP7_75t_R)
     1    0.89   10.00   18.68 4407.57 ^ u336721/Y (OA21x2_ASAP7_75t_R)
                                         n238677 (net)
                 10.00    0.06 4407.63 ^ u316933/D (DFFHQNx1_ASAP7_75t_R)
                               4407.63   data arrival time

                       5000.00 5000.00   clock core_clock (rise edge)
                          0.00 5000.00   clock source latency
     1   19.00    0.00    0.00 5000.00 ^ ap_clk (in)
                                         ap_clk (net)
                139.92   44.14 5044.14 ^ wire60394/A (BUFx12f_ASAP7_75t_R)
     1   17.41   12.11   28.75 5072.89 ^ wire60394/Y (BUFx12f_ASAP7_75t_R)
                                         net60353 (net)
                122.02   38.37 5111.26 ^ wire60393/A (BUFx12f_ASAP7_75t_R)
     1   18.59   11.99   27.69 5138.94 ^ wire60393/Y (BUFx12f_ASAP7_75t_R)
                                         net60352 (net)
                138.88   43.72 5182.66 ^ wire60392/A (BUFx12f_ASAP7_75t_R)
     1   18.62   12.40   28.88 5211.54 ^ wire60392/Y (BUFx12f_ASAP7_75t_R)
                                         net60351 (net)
                139.42   43.88 5255.42 ^ wire60391/A (BUFx12f_ASAP7_75t_R)
     1   18.56   12.41   28.92 5284.33 ^ wire60391/Y (BUFx12f_ASAP7_75t_R)
                                         net60350 (net)
                138.60   43.62 5327.96 ^ clkbuf_0_ap_clk/A (BUFx24_ASAP7_75t_R)
     2   14.20   14.84   39.78 5367.74 ^ clkbuf_0_ap_clk/Y (BUFx24_ASAP7_75t_R)
                                         clknet_0_ap_clk (net)
                 25.33    6.88 5374.62 ^ clkbuf_1_0_0_ap_clk/A (BUFx24_ASAP7_75t_R)
     1    8.67    8.46   22.24 5396.85 ^ clkbuf_1_0_0_ap_clk/Y (BUFx24_ASAP7_75t_R)
                                         clknet_1_0_0_ap_clk (net)
                 30.89    9.45 5406.30 ^ clkbuf_1_0_1_ap_clk/A (BUFx24_ASAP7_75t_R)
     1    8.65    8.72   23.61 5429.91 ^ clkbuf_1_0_1_ap_clk/Y (BUFx24_ASAP7_75t_R)
                                         clknet_1_0_1_ap_clk (net)
                 30.87    9.43 5439.34 ^ clkbuf_1_0_2_ap_clk/A (BUFx24_ASAP7_75t_R)
     2   13.11    9.15   23.65 5462.99 ^ clkbuf_1_0_2_ap_clk/Y (BUFx24_ASAP7_75t_R)
                                         clknet_1_0_2_ap_clk (net)
                 34.87   10.54 5473.53 ^ clkbuf_2_0_0_ap_clk/A (BUFx24_ASAP7_75t_R)
     1    8.69    8.90   24.60 5498.13 ^ clkbuf_2_0_0_ap_clk/Y (BUFx24_ASAP7_75t_R)
                                         clknet_2_0_0_ap_clk (net)
                 31.19    9.52 5507.65 ^ clkbuf_2_0_1_ap_clk/A (BUFx24_ASAP7_75t_R)
     1    8.88    8.76   23.70 5531.35 ^ clkbuf_2_0_1_ap_clk/Y (BUFx24_ASAP7_75t_R)
                                         clknet_2_0_1_ap_clk (net)
                 32.45    9.94 5541.28 ^ clkbuf_2_0_2_ap_clk/A (BUFx24_ASAP7_75t_R)
     2   11.23    8.88   23.93 5565.21 ^ clkbuf_2_0_2_ap_clk/Y (BUFx24_ASAP7_75t_R)
                                         clknet_2_0_2_ap_clk (net)
                 33.87   10.27 5575.48 ^ clkbuf_3_1_0_ap_clk/A (BUFx24_ASAP7_75t_R)
     1    8.68    8.86   24.35 5599.83 ^ clkbuf_3_1_0_ap_clk/Y (BUFx24_ASAP7_75t_R)
                                         clknet_3_1_0_ap_clk (net)
                 31.13    9.50 5609.33 ^ clkbuf_3_1_1_ap_clk/A (BUFx24_ASAP7_75t_R)
     2   12.60    9.34   23.77 5633.10 ^ clkbuf_3_1_1_ap_clk/Y (BUFx24_ASAP7_75t_R)
                                         clknet_3_1_1_ap_clk (net)
                 29.14    8.59 5641.69 ^ clkbuf_4_3_0_ap_clk/A (BUFx24_ASAP7_75t_R)
     1    8.61    8.63   23.17 5664.86 ^ clkbuf_4_3_0_ap_clk/Y (BUFx24_ASAP7_75t_R)
                                         clknet_4_3_0_ap_clk (net)
                 30.59    9.34 5674.20 ^ clkbuf_4_3_1_ap_clk/A (BUFx24_ASAP7_75t_R)
     2   14.10   10.65   24.31 5698.51 ^ clkbuf_4_3_1_ap_clk/Y (BUFx24_ASAP7_75t_R)
                                         clknet_4_3_1_ap_clk (net)
                 23.51    6.62 5705.13 ^ clkbuf_5_6_0_ap_clk/A (BUFx24_ASAP7_75t_R)
     2   13.30    9.43   22.07 5727.20 ^ clkbuf_5_6_0_ap_clk/Y (BUFx24_ASAP7_75t_R)
                                         clknet_5_6_0_ap_clk (net)
                 27.91    8.18 5735.38 ^ clkbuf_6_12_0_ap_clk/A (BUFx24_ASAP7_75t_R)
     4   18.88   13.74   23.97 5759.35 ^ clkbuf_6_12_0_ap_clk/Y (BUFx24_ASAP7_75t_R)
                                         clknet_6_12_0_ap_clk (net)
                 23.51    6.04 5765.38 ^ clkbuf_8_48_0_ap_clk/A (BUFx24_ASAP7_75t_R)
     2    6.57    8.71   21.91 5787.29 ^ clkbuf_8_48_0_ap_clk/Y (BUFx24_ASAP7_75t_R)
                                         clknet_8_48_0_ap_clk (net)
                 10.41    2.11 5789.40 ^ clkbuf_9_96__f_ap_clk/A (BUFx24_ASAP7_75t_R)
    15   41.20   24.45   22.07 5811.48 ^ clkbuf_9_96__f_ap_clk/Y (BUFx24_ASAP7_75t_R)
                                         clknet_9_96__leaf_ap_clk (net)
                 25.13    2.29 5813.77 ^ clkbuf_leaf_5434_ap_clk/A (BUFx24_ASAP7_75t_R)
    23   12.85   11.34   23.58 5837.35 ^ clkbuf_leaf_5434_ap_clk/Y (BUFx24_ASAP7_75t_R)
                                         clknet_leaf_5434_ap_clk (net)
                 11.58    0.81 5838.16 ^ u316933/CLK (DFFHQNx1_ASAP7_75t_R)
                         14.34 5852.50   clock reconvergence pessimism
                         -5.92 5846.58   library setup time
                               5846.58   data required time
-----------------------------------------------------------------------------
                               5846.58   data required time
                               -4407.63   data arrival time
-----------------------------------------------------------------------------
                               1438.95   slack (MET)



==========================================================================
cts final report_checks -unconstrained
--------------------------------------------------------------------------
Startpoint: u336116 (rising edge-triggered flip-flop clocked by core_clock)
Endpoint: u316933 (rising edge-triggered flip-flop clocked by core_clock)
Path Group: core_clock
Path Type: max

Fanout     Cap    Slew   Delay    Time   Description
-----------------------------------------------------------------------------
                          0.00    0.00   clock core_clock (rise edge)
                          0.00    0.00   clock source latency
     1   19.53    0.00    0.00    0.00 ^ ap_clk (in)
                                         ap_clk (net)
                147.02   46.38   46.38 ^ wire60394/A (BUFx12f_ASAP7_75t_R)
     1   17.94   12.32   29.24   75.63 ^ wire60394/Y (BUFx12f_ASAP7_75t_R)
                                         net60353 (net)
                128.70   40.48  116.10 ^ wire60393/A (BUFx12f_ASAP7_75t_R)
     1   19.13   12.15   28.16  144.26 ^ wire60393/Y (BUFx12f_ASAP7_75t_R)
                                         net60352 (net)
                146.06   45.98  190.24 ^ wire60392/A (BUFx12f_ASAP7_75t_R)
     1   19.16   12.57   29.39  219.62 ^ wire60392/Y (BUFx12f_ASAP7_75t_R)
                                         net60351 (net)
                146.61   46.15  265.77 ^ wire60391/A (BUFx12f_ASAP7_75t_R)
     1   19.16   12.59   29.42  295.19 ^ wire60391/Y (BUFx12f_ASAP7_75t_R)
                                         net60350 (net)
                146.69   46.17  341.36 ^ clkbuf_0_ap_clk/A (BUFx24_ASAP7_75t_R)
     2   15.40   15.33   40.71  382.08 ^ clkbuf_0_ap_clk/Y (BUFx24_ASAP7_75t_R)
                                         clknet_0_ap_clk (net)
                 29.72    8.31  390.39 ^ clkbuf_1_1_0_ap_clk/A (BUFx24_ASAP7_75t_R)
     1    9.44    8.71   23.34  413.73 ^ clkbuf_1_1_0_ap_clk/Y (BUFx24_ASAP7_75t_R)
                                         clknet_1_1_0_ap_clk (net)
                 35.36   10.87  424.60 ^ clkbuf_1_1_1_ap_clk/A (BUFx24_ASAP7_75t_R)
     1    9.44    8.97   24.74  449.34 ^ clkbuf_1_1_1_ap_clk/Y (BUFx24_ASAP7_75t_R)
                                         clknet_1_1_1_ap_clk (net)
                 35.50   10.90  460.24 ^ clkbuf_1_1_2_ap_clk/A (BUFx24_ASAP7_75t_R)
     2   14.15    9.42   24.82  485.05 ^ clkbuf_1_1_2_ap_clk/Y (BUFx24_ASAP7_75t_R)
                                         clknet_1_1_2_ap_clk (net)
                 36.16   10.88  495.93 ^ clkbuf_2_3_0_ap_clk/A (BUFx24_ASAP7_75t_R)
     1    9.08    8.97   24.91  520.84 ^ clkbuf_2_3_0_ap_clk/Y (BUFx24_ASAP7_75t_R)
                                         clknet_2_3_0_ap_clk (net)
                 32.90   10.06  530.90 ^ clkbuf_2_3_1_ap_clk/A (BUFx24_ASAP7_75t_R)
     1    9.09    8.82   24.11  555.00 ^ clkbuf_2_3_1_ap_clk/Y (BUFx24_ASAP7_75t_R)
                                         clknet_2_3_1_ap_clk (net)
                 32.91   10.07  565.07 ^ clkbuf_2_3_2_ap_clk/A (BUFx24_ASAP7_75t_R)
     2   12.67    8.93   24.05  589.12 ^ clkbuf_2_3_2_ap_clk/Y (BUFx24_ASAP7_75t_R)
                                         clknet_2_3_2_ap_clk (net)
                 39.05   11.91  601.04 ^ clkbuf_3_6_0_ap_clk/A (BUFx24_ASAP7_75t_R)
     1    9.04    9.09   25.63  626.66 ^ clkbuf_3_6_0_ap_clk/Y (BUFx24_ASAP7_75t_R)
                                         clknet_3_6_0_ap_clk (net)
                 32.68    9.98  636.64 ^ clkbuf_3_6_1_ap_clk/A (BUFx24_ASAP7_75t_R)
     2   13.80    9.44   24.17  660.81 ^ clkbuf_3_6_1_ap_clk/Y (BUFx24_ASAP7_75t_R)
                                         clknet_3_6_1_ap_clk (net)
                 33.83   10.14  670.95 ^ clkbuf_4_12_0_ap_clk/A (BUFx24_ASAP7_75t_R)
     1    9.44    8.90   24.36  695.30 ^ clkbuf_4_12_0_ap_clk/Y (BUFx24_ASAP7_75t_R)
                                         clknet_4_12_0_ap_clk (net)
                 35.42   10.88  706.18 ^ clkbuf_4_12_1_ap_clk/A (BUFx24_ASAP7_75t_R)
     2   14.71    9.82   24.95  731.14 ^ clkbuf_4_12_1_ap_clk/Y (BUFx24_ASAP7_75t_R)
                                         clknet_4_12_1_ap_clk (net)
                 33.62    9.99  741.13 ^ clkbuf_5_24_0_ap_clk/A (BUFx24_ASAP7_75t_R)
     2   15.14   10.93   25.09  766.22 ^ clkbuf_5_24_0_ap_clk/Y (BUFx24_ASAP7_75t_R)
                                         clknet_5_24_0_ap_clk (net)
                 26.29    7.50  773.72 ^ clkbuf_6_48_0_ap_clk/A (BUFx24_ASAP7_75t_R)
     4   20.95   13.59   23.42  797.13 ^ clkbuf_6_48_0_ap_clk/Y (BUFx24_ASAP7_75t_R)
                                         clknet_6_48_0_ap_clk (net)
                 32.03    9.08  806.22 ^ clkbuf_8_192_0_ap_clk/A (BUFx24_ASAP7_75t_R)
     2    7.49    9.37   24.10  830.31 ^ clkbuf_8_192_0_ap_clk/Y (BUFx24_ASAP7_75t_R)
                                         clknet_8_192_0_ap_clk (net)
                 11.61    2.44  832.76 ^ clkbuf_9_384__f_ap_clk/A (BUFx24_ASAP7_75t_R)
    28   94.92   19.72   22.18  854.93 ^ clkbuf_9_384__f_ap_clk/Y (BUFx24_ASAP7_75t_R)
                                         clknet_9_384__leaf_ap_clk (net)
                145.34   43.81  898.74 ^ clkbuf_leaf_425_ap_clk/A (BUFx24_ASAP7_75t_R)
    23   17.64   17.24   41.85  940.59 ^ clkbuf_leaf_425_ap_clk/Y (BUFx24_ASAP7_75t_R)
                                         clknet_leaf_425_ap_clk (net)
                 17.54    1.14  941.73 ^ u336116/CLK (DFFHQNx1_ASAP7_75t_R)
     2    1.36   16.75   38.95  980.68 v u336116/QN (DFFHQNx1_ASAP7_75t_R)
                                         uacc_section14_allocator_udiv_144ns_128ns_144_148_1_U52.uacc_section14_allocator_uacc_section14_allocator_udiv_144ns_128ns_144_148_1_div_U.uacc_section14_allocator_uacc_section14_allocator_udiv_144ns_128ns_144_148_1_div_u_0.divisor_tmp[7424] (net)
                 16.75    0.05  980.72 v u336117/A (INVx1_ASAP7_75t_R)
     2    1.55   13.69   10.95  991.67 ^ u336117/Y (INVx1_ASAP7_75t_R)
                                         n238715 (net)
                 13.70    0.09  991.76 ^ u336119/A (OR2x2_ASAP7_75t_R)
     2    2.18   10.18   18.07 1009.83 ^ u336119/Y (OR2x2_ASAP7_75t_R)
                                         n256952 (net)
                 10.19    0.15 1009.99 ^ u336123/A (MAJx2_ASAP7_75t_R)
     2    2.45   12.62   19.95 1029.94 ^ u336123/Y (MAJx2_ASAP7_75t_R)
                                         n256955 (net)
                 12.64    0.28 1030.22 ^ u336127/A (MAJx2_ASAP7_75t_R)
     2    2.17   11.73   20.20 1050.42 ^ u336127/Y (MAJx2_ASAP7_75t_R)
                                         n256958 (net)
                 11.73    0.13 1050.55 ^ u336131/A (MAJx2_ASAP7_75t_R)
     2    2.02   11.23   19.69 1070.24 ^ u336131/Y (MAJx2_ASAP7_75t_R)
                                         n256961 (net)
                 11.24    0.12 1070.36 ^ u336135/A (MAJx2_ASAP7_75t_R)
     2    2.10   11.47   19.70 1090.06 ^ u336135/Y (MAJx2_ASAP7_75t_R)
                                         n256964 (net)
                 11.48    0.14 1090.20 ^ u336139/A (MAJx2_ASAP7_75t_R)
     2    2.39   12.45   20.23 1110.42 ^ u336139/Y (MAJx2_ASAP7_75t_R)
                                         n256967 (net)
                 12.47    0.28 1110.70 ^ u336143/A (MAJx2_ASAP7_75t_R)
     2    2.37   12.35   20.47 1131.17 ^ u336143/Y (MAJx2_ASAP7_75t_R)
                                         n256970 (net)
                 12.37    0.26 1131.43 ^ u336147/A (MAJx2_ASAP7_75t_R)
     2    2.38   12.38   20.46 1151.89 ^ u336147/Y (MAJx2_ASAP7_75t_R)
                                         n256973 (net)
                 12.39    0.24 1152.13 ^ u336151/A (MAJx2_ASAP7_75t_R)
     2    5.56   22.95   24.61 1176.74 ^ u336151/Y (MAJx2_ASAP7_75t_R)
                                         n256976 (net)
                 23.97    2.59 1179.33 ^ u336155/A (MAJx2_ASAP7_75t_R)
     2    2.68   13.35   23.98 1203.31 ^ u336155/Y (MAJx2_ASAP7_75t_R)
                                         n256979 (net)
                 13.39    0.39 1203.70 ^ u336159/A (MAJx2_ASAP7_75t_R)
     2    3.86   17.45   22.86 1226.56 ^ u336159/Y (MAJx2_ASAP7_75t_R)
                                         n256982 (net)
                 17.69    1.12 1227.69 ^ u336160/B (OA21x2_ASAP7_75t_R)
     1    1.29    8.66   18.25 1245.93 ^ u336160/Y (OA21x2_ASAP7_75t_R)
                                         n256983 (net)
                  8.66    0.05 1245.98 ^ u336161/B (AOI21x1_ASAP7_75t_R)
     2    2.25   18.13    9.13 1255.11 v u336161/Y (AOI21x1_ASAP7_75t_R)
                                         n256984 (net)
                 18.14    0.22 1255.33 v u336162/B (NOR2x1_ASAP7_75t_R)
     2    1.48   14.68   11.54 1266.88 ^ u336162/Y (NOR2x1_ASAP7_75t_R)
                                         n256985 (net)
                 14.68    0.04 1266.92 ^ u336163/B (AO21x1_ASAP7_75t_R)
     2    2.14   16.44   16.80 1283.72 ^ u336163/Y (AO21x1_ASAP7_75t_R)
                                         n256986 (net)
                 16.44    0.16 1283.87 ^ u336167/A (MAJx2_ASAP7_75t_R)
     2    2.26   12.03   21.45 1305.32 ^ u336167/Y (MAJx2_ASAP7_75t_R)
                                         n256989 (net)
                 12.05    0.20 1305.53 ^ u336171/A (MAJx2_ASAP7_75t_R)
     2    2.90   14.05   21.20 1326.72 ^ u336171/Y (MAJx2_ASAP7_75t_R)
                                         n256992 (net)
                 14.11    0.48 1327.21 ^ u336175/A (MAJx2_ASAP7_75t_R)
     2    2.23   11.91   20.72 1347.93 ^ u336175/Y (MAJx2_ASAP7_75t_R)
                                         n256995 (net)
                 11.92    0.17 1348.10 ^ u336179/A (MAJx2_ASAP7_75t_R)
     2    3.49   16.10   21.96 1370.06 ^ u336179/Y (MAJx2_ASAP7_75t_R)
                                         n256998 (net)
                 16.26    0.88 1370.94 ^ u336183/A (MAJx2_ASAP7_75t_R)
     2    2.43   12.58   21.66 1392.60 ^ u336183/Y (MAJx2_ASAP7_75t_R)
                                         n257001 (net)
                 12.60    0.28 1392.88 ^ u336187/A (MAJx2_ASAP7_75t_R)
     2    2.69   13.42   21.02 1413.90 ^ u336187/Y (MAJx2_ASAP7_75t_R)
                                         n257004 (net)
                 13.46    0.41 1414.31 ^ u336188/B (OA21x2_ASAP7_75t_R)
     1    1.32    8.80   17.53 1431.84 ^ u336188/Y (OA21x2_ASAP7_75t_R)
                                         n257005 (net)
                  8.80    0.05 1431.90 ^ u336189/B (AOI21x1_ASAP7_75t_R)
     2    2.36   18.86    9.36 1441.26 v u336189/Y (AOI21x1_ASAP7_75t_R)
                                         n257006 (net)
                 18.87    0.25 1441.51 v u336190/B (NOR2x1_ASAP7_75t_R)
     2    1.38   14.36   11.37 1452.88 ^ u336190/Y (NOR2x1_ASAP7_75t_R)
                                         n257007 (net)
                 14.36    0.04 1452.92 ^ u336191/B (AO21x1_ASAP7_75t_R)
     2    2.35   17.73   17.28 1470.19 ^ u336191/Y (AO21x1_ASAP7_75t_R)
                                         n257008 (net)
                 17.73    0.26 1470.46 ^ u336195/A (MAJx2_ASAP7_75t_R)
     2    2.44   12.62   22.10 1492.56 ^ u336195/Y (MAJx2_ASAP7_75t_R)
                                         n257011 (net)
                 12.64    0.29 1492.85 ^ u336199/A (MAJx2_ASAP7_75t_R)
     2    2.51   12.82   20.77 1513.62 ^ u336199/Y (MAJx2_ASAP7_75t_R)
                                         n257014 (net)
                 12.85    0.31 1513.93 ^ u336203/A (MAJx2_ASAP7_75t_R)
     2    2.26   12.01   20.42 1534.34 ^ u336203/Y (MAJx2_ASAP7_75t_R)
                                         n257017 (net)
                 12.02    0.20 1534.55 ^ u336207/A (MAJx2_ASAP7_75t_R)
     2    2.20   11.83   20.06 1554.61 ^ u336207/Y (MAJx2_ASAP7_75t_R)
                                         n257020 (net)
                 11.84    0.19 1554.80 ^ u336211/A (MAJx2_ASAP7_75t_R)
     2    2.08   11.48   19.84 1574.64 ^ u336211/Y (MAJx2_ASAP7_75t_R)
                                         n257023 (net)
                 11.49    0.13 1574.77 ^ u336215/A (MAJx2_ASAP7_75t_R)
     2    2.03   11.32   19.64 1594.41 ^ u336215/Y (MAJx2_ASAP7_75t_R)
                                         n257026 (net)
                 11.32    0.12 1594.53 ^ u336216/B (OA21x2_ASAP7_75t_R)
     1    1.31    8.72   17.13 1611.66 ^ u336216/Y (OA21x2_ASAP7_75t_R)
                                         n257027 (net)
                  8.72    0.05 1611.71 ^ u336217/B (AOI21x1_ASAP7_75t_R)
     2    2.62   19.73    9.84 1621.55 v u336217/Y (AOI21x1_ASAP7_75t_R)
                                         n257028 (net)
                 19.73    0.20 1621.75 v u336219/B (MAJx2_ASAP7_75t_R)
     2    2.73   12.17   27.00 1648.75 v u336219/Y (MAJx2_ASAP7_75t_R)
                                         n257030 (net)
                 12.18    0.20 1648.95 v u336222/B (MAJx2_ASAP7_75t_R)
     2    2.70   12.39   24.72 1673.67 v u336222/Y (MAJx2_ASAP7_75t_R)
                                         n257033 (net)
                 12.41    0.27 1673.93 v u336224/B (MAJx2_ASAP7_75t_R)
     2    2.58   11.82   24.62 1698.55 v u336224/Y (MAJx2_ASAP7_75t_R)
                                         n257035 (net)
                 11.82    0.14 1698.69 v u336227/B (MAJx2_ASAP7_75t_R)
     2    2.81   12.80   24.77 1723.46 v u336227/Y (MAJx2_ASAP7_75t_R)
                                         n257038 (net)
                 12.83    0.31 1723.77 v u336229/B (MAJx2_ASAP7_75t_R)
     2    2.87   12.56   25.19 1748.96 v u336229/Y (MAJx2_ASAP7_75t_R)
                                         n257040 (net)
                 12.58    0.27 1749.24 v u336232/B (MAJx2_ASAP7_75t_R)
     2    2.85   12.90   25.06 1774.30 v u336232/Y (MAJx2_ASAP7_75t_R)
                                         n257043 (net)
                 12.93    0.35 1774.64 v u336234/B (MAJx2_ASAP7_75t_R)
     2    2.67   12.06   24.93 1799.57 v u336234/Y (MAJx2_ASAP7_75t_R)
                                         n257045 (net)
                 12.07    0.17 1799.73 v u336237/B (MAJx2_ASAP7_75t_R)
     2    2.60   12.16   24.53 1824.26 v u336237/Y (MAJx2_ASAP7_75t_R)
                                         n257048 (net)
                 12.17    0.22 1824.48 v u336239/B (MAJx2_ASAP7_75t_R)
     2    3.11   13.31   25.32 1849.80 v u336239/Y (MAJx2_ASAP7_75t_R)
                                         n257050 (net)
                 13.35    0.39 1850.18 v u336242/B (MAJx2_ASAP7_75t_R)
     2    2.84   12.80   25.24 1875.42 v u336242/Y (MAJx2_ASAP7_75t_R)
                                         n257053 (net)
                 12.83    0.36 1875.78 v u336244/B (MAJx2_ASAP7_75t_R)
     2    2.76   12.27   25.04 1900.83 v u336244/Y (MAJx2_ASAP7_75t_R)
                                         n257055 (net)
                 12.29    0.20 1901.03 v u336247/B (MAJx2_ASAP7_75t_R)
     2    2.50   11.91   24.44 1925.47 v u336247/Y (MAJx2_ASAP7_75t_R)
                                         n257058 (net)
                 11.92    0.15 1925.62 v u336249/B (MAJx2_ASAP7_75t_R)
     2    2.77   12.31   24.79 1950.40 v u336249/Y (MAJx2_ASAP7_75t_R)
                                         n257060 (net)
                 12.33    0.22 1950.63 v u336252/B (MAJx2_ASAP7_75t_R)
     2    2.54   12.05   24.51 1975.14 v u336252/Y (MAJx2_ASAP7_75t_R)
                                         n257063 (net)
                 12.06    0.20 1975.34 v u336254/B (MAJx2_ASAP7_75t_R)
     2    2.64   11.96   24.62 1999.96 v u336254/Y (MAJx2_ASAP7_75t_R)
                                         n257065 (net)
                 11.96    0.12 2000.08 v u336257/B (MAJx2_ASAP7_75t_R)
     2    2.58   12.13   24.47 2024.54 v u336257/Y (MAJx2_ASAP7_75t_R)
                                         n257068 (net)
                 12.14    0.21 2024.75 v u336259/B (MAJx2_ASAP7_75t_R)
     2    2.60   11.84   24.58 2049.33 v u336259/Y (MAJx2_ASAP7_75t_R)
                                         n257070 (net)
                 11.85    0.12 2049.45 v u336262/B (MAJx2_ASAP7_75t_R)
     2    2.80   12.63   24.79 2074.23 v u336262/Y (MAJx2_ASAP7_75t_R)
                                         n257073 (net)
                 12.66    0.28 2074.51 v u336264/B (MAJx2_ASAP7_75t_R)
     2    2.66   12.00   24.86 2099.37 v u336264/Y (MAJx2_ASAP7_75t_R)
                                         n257075 (net)
                 12.00    0.12 2099.49 v u336267/B (MAJx2_ASAP7_75t_R)
     2    2.10   10.93   23.65 2123.14 v u336267/Y (MAJx2_ASAP7_75t_R)
                                         n257078 (net)
                 10.94    0.15 2123.29 v u336268/B (NOR2x1_ASAP7_75t_R)
     2    1.44   12.67    9.65 2132.95 ^ u336268/Y (NOR2x1_ASAP7_75t_R)
                                         n257079 (net)
                 12.67    0.04 2132.98 ^ u336269/B (AO21x1_ASAP7_75t_R)
     2    2.10   16.23   16.26 2149.25 ^ u336269/Y (AO21x1_ASAP7_75t_R)
                                         n257080 (net)
                 16.23    0.13 2149.37 ^ u336273/A (MAJx2_ASAP7_75t_R)
     3    3.33   15.29   23.15 2172.52 ^ u336273/Y (MAJx2_ASAP7_75t_R)
                                         n257083 (net)
                 15.31    0.34 2172.86 ^ u336285/A1 (OAI21x1_ASAP7_75t_R)
     2    2.63   16.45   11.46 2184.32 v u336285/Y (OAI21x1_ASAP7_75t_R)
                                         n257093 (net)
                 16.46    0.24 2184.56 v u336287/B (MAJx2_ASAP7_75t_R)
     2    2.70   12.13   25.99 2210.55 v u336287/Y (MAJx2_ASAP7_75t_R)
                                         n257095 (net)
                 12.14    0.20 2210.75 v u336290/B (MAJx2_ASAP7_75t_R)
     2    2.59   12.16   24.52 2235.28 v u336290/Y (MAJx2_ASAP7_75t_R)
                                         n257098 (net)
                 12.18    0.23 2235.51 v u336292/B (MAJx2_ASAP7_75t_R)
     2    2.80   12.38   24.90 2260.41 v u336292/Y (MAJx2_ASAP7_75t_R)
                                         n257100 (net)
                 12.40    0.22 2260.63 v u336295/B (MAJx2_ASAP7_75t_R)
     2    2.46   11.84   24.41 2285.03 v u336295/Y (MAJx2_ASAP7_75t_R)
                                         n257103 (net)
                 11.85    0.16 2285.19 v u336297/B (MAJx2_ASAP7_75t_R)
     2    2.59   11.85   24.46 2309.65 v u336297/Y (MAJx2_ASAP7_75t_R)
                                         n257105 (net)
                 11.86    0.16 2309.81 v u336300/B (MAJx2_ASAP7_75t_R)
     2    2.51   11.94   24.32 2334.13 v u336300/Y (MAJx2_ASAP7_75t_R)
                                         n257108 (net)
                 11.95    0.17 2334.31 v u336302/B (MAJx2_ASAP7_75t_R)
     2    2.73   12.19   24.73 2359.04 v u336302/Y (MAJx2_ASAP7_75t_R)
                                         n257110 (net)
                 12.20    0.18 2359.22 v u336305/B (MAJx2_ASAP7_75t_R)
     2    2.42   11.75   24.27 2383.49 v u336305/Y (MAJx2_ASAP7_75t_R)
                                         n257113 (net)
                 11.75    0.14 2383.63 v u336307/B (MAJx2_ASAP7_75t_R)
     2    2.67   12.06   24.58 2408.21 v u336307/Y (MAJx2_ASAP7_75t_R)
                                         n257115 (net)
                 12.06    0.16 2408.37 v u336310/B (MAJx2_ASAP7_75t_R)
     2    2.59   12.09   24.51 2432.88 v u336310/Y (MAJx2_ASAP7_75t_R)
                                         n257118 (net)
                 12.10    0.22 2433.09 v u336312/B (MAJx2_ASAP7_75t_R)
     2    2.64   11.98   24.63 2457.72 v u336312/Y (MAJx2_ASAP7_75t_R)
                                         n257120 (net)
                 11.99    0.16 2457.88 v u336315/B (MAJx2_ASAP7_75t_R)
     2    2.57   12.07   24.45 2482.33 v u336315/Y (MAJx2_ASAP7_75t_R)
                                         n257123 (net)
                 12.09    0.21 2482.54 v u336317/B (MAJx2_ASAP7_75t_R)
     2    2.96   12.86   25.11 2507.65 v u336317/Y (MAJx2_ASAP7_75t_R)
                                         n257125 (net)
                 12.89    0.34 2507.99 v u336320/B (MAJx2_ASAP7_75t_R)
     2    2.51   11.93   24.63 2532.62 v u336320/Y (MAJx2_ASAP7_75t_R)
                                         n257128 (net)
                 11.94    0.19 2532.80 v u336322/B (MAJx2_ASAP7_75t_R)
     2    2.87   12.57   24.92 2557.72 v u336322/Y (MAJx2_ASAP7_75t_R)
                                         n257130 (net)
                 12.59    0.29 2558.01 v u336325/B (MAJx2_ASAP7_75t_R)
     2    2.48   11.81   24.48 2582.49 v u336325/Y (MAJx2_ASAP7_75t_R)
                                         n257133 (net)
                 11.82    0.17 2582.66 v u336327/B (MAJx2_ASAP7_75t_R)
     2    2.76   12.30   24.73 2607.39 v u336327/Y (MAJx2_ASAP7_75t_R)
                                         n257135 (net)
                 12.32    0.24 2607.63 v u336330/B (MAJx2_ASAP7_75t_R)
     2    2.63   12.20   24.64 2632.26 v u336330/Y (MAJx2_ASAP7_75t_R)
                                         n257138 (net)
                 12.21    0.23 2632.50 v u336332/B (MAJx2_ASAP7_75t_R)
     2    2.88   12.60   25.01 2657.51 v u336332/Y (MAJx2_ASAP7_75t_R)
                                         n257140 (net)
                 12.62    0.30 2657.80 v u336335/B (MAJx2_ASAP7_75t_R)
     2    2.78   12.65   24.95 2682.75 v u336335/Y (MAJx2_ASAP7_75t_R)
                                         n257143 (net)
                 12.68    0.32 2683.06 v u336337/B (MAJx2_ASAP7_75t_R)
     2    2.74   12.21   24.97 2708.04 v u336337/Y (MAJx2_ASAP7_75t_R)
                                         n257145 (net)
                 12.22    0.17 2708.20 v u336340/B (MAJx2_ASAP7_75t_R)
     2    3.03   13.45   25.20 2733.41 v u336340/Y (MAJx2_ASAP7_75t_R)
                                         n257148 (net)
                 13.50    0.45 2733.86 v u336342/B (MAJx2_ASAP7_75t_R)
     2    2.99   12.94   25.55 2759.41 v u336342/Y (MAJx2_ASAP7_75t_R)
                                         n257150 (net)
                 12.97    0.35 2759.76 v u336345/B (MAJx2_ASAP7_75t_R)
     2    2.65   12.25   24.85 2784.61 v u336345/Y (MAJx2_ASAP7_75t_R)
                                         n257153 (net)
                 12.27    0.25 2784.86 v u336347/B (MAJx2_ASAP7_75t_R)
     2    2.82   12.44   24.95 2809.82 v u336347/Y (MAJx2_ASAP7_75t_R)
                                         n257155 (net)
                 12.46    0.25 2810.07 v u336350/B (MAJx2_ASAP7_75t_R)
     2    2.56   11.99   24.58 2834.65 v u336350/Y (MAJx2_ASAP7_75t_R)
                                         n257158 (net)
                 12.00    0.20 2834.85 v u336352/B (MAJx2_ASAP7_75t_R)
     2    2.92   12.74   25.02 2859.87 v u336352/Y (MAJx2_ASAP7_75t_R)
                                         n257160 (net)
                 12.77    0.32 2860.18 v u336355/B (MAJx2_ASAP7_75t_R)
     2    2.46   11.75   24.50 2884.69 v u336355/Y (MAJx2_ASAP7_75t_R)
                                         n257163 (net)
                 11.76    0.15 2884.84 v u336357/B (MAJx2_ASAP7_75t_R)
     2    2.74   12.25   24.68 2909.52 v u336357/Y (MAJx2_ASAP7_75t_R)
                                         n257165 (net)
                 12.27    0.23 2909.75 v u336360/B (MAJx2_ASAP7_75t_R)
     2    2.43   11.68   24.31 2934.06 v u336360/Y (MAJx2_ASAP7_75t_R)
                                         n257168 (net)
                 11.69    0.14 2934.20 v u336362/B (MAJx2_ASAP7_75t_R)
     2    2.76   12.28   24.69 2958.89 v u336362/Y (MAJx2_ASAP7_75t_R)
                                         n257170 (net)
                 12.29    0.20 2959.08 v u336365/B (MAJx2_ASAP7_75t_R)
     2    2.40   11.62   24.28 2983.36 v u336365/Y (MAJx2_ASAP7_75t_R)
                                         n257173 (net)
                 11.62    0.13 2983.49 v u336367/B (MAJx2_ASAP7_75t_R)
     2    2.87   12.57   24.83 3008.32 v u336367/Y (MAJx2_ASAP7_75t_R)
                                         n257175 (net)
                 12.59    0.26 3008.58 v u336370/B (MAJx2_ASAP7_75t_R)
     2    2.49   11.85   24.51 3033.09 v u336370/Y (MAJx2_ASAP7_75t_R)
                                         n257178 (net)
                 11.85    0.16 3033.25 v u336372/B (MAJx2_ASAP7_75t_R)
     2    2.69   12.12   24.63 3057.88 v u336372/Y (MAJx2_ASAP7_75t_R)
                                         n257180 (net)
                 12.13    0.20 3058.08 v u336375/B (MAJx2_ASAP7_75t_R)
     2    2.60   12.12   24.54 3082.63 v u336375/Y (MAJx2_ASAP7_75t_R)
                                         n257183 (net)
                 12.13    0.19 3082.82 v u336377/B (MAJx2_ASAP7_75t_R)
     2    2.62   11.92   24.60 3107.42 v u336377/Y (MAJx2_ASAP7_75t_R)
                                         n257185 (net)
                 11.93    0.16 3107.58 v u336380/B (MAJx2_ASAP7_75t_R)
     2    2.58   12.05   24.45 3132.03 v u336380/Y (MAJx2_ASAP7_75t_R)
                                         n257188 (net)
                 12.06    0.19 3132.22 v u336382/B (MAJx2_ASAP7_75t_R)
     2    2.81   12.43   24.86 3157.08 v u336382/Y (MAJx2_ASAP7_75t_R)
                                         n257190 (net)
                 12.45    0.26 3157.35 v u336385/B (MAJx2_ASAP7_75t_R)
     2    2.45   11.74   24.40 3181.74 v u336385/Y (MAJx2_ASAP7_75t_R)
                                         n257193 (net)
                 11.75    0.16 3181.90 v u336387/B (MAJx2_ASAP7_75t_R)
     2    2.76   12.27   24.71 3206.61 v u336387/Y (MAJx2_ASAP7_75t_R)
                                         n257195 (net)
                 12.29    0.21 3206.81 v u336390/B (MAJx2_ASAP7_75t_R)
     2    2.69   12.39   24.73 3231.54 v u336390/Y (MAJx2_ASAP7_75t_R)
                                         n257198 (net)
                 12.41    0.26 3231.80 v u336392/B (MAJx2_ASAP7_75t_R)
     2    2.64   11.99   24.72 3256.52 v u336392/Y (MAJx2_ASAP7_75t_R)
                                         n257200 (net)
                 12.00    0.17 3256.69 v u336395/B (MAJx2_ASAP7_75t_R)
     2    2.67   12.32   24.60 3281.29 v u336395/Y (MAJx2_ASAP7_75t_R)
                                         n257203 (net)
                 12.34    0.27 3281.56 v u336397/B (MAJx2_ASAP7_75t_R)
     2    3.14   13.41   25.41 3306.97 v u336397/Y (MAJx2_ASAP7_75t_R)
                                         n257205 (net)
                 13.45    0.39 3307.36 v u336400/B (MAJx2_ASAP7_75t_R)
     2    2.44   11.75   24.68 3332.04 v u336400/Y (MAJx2_ASAP7_75t_R)
                                         n257208 (net)
                 11.75    0.12 3332.16 v u336402/B (MAJx2_ASAP7_75t_R)
     2    2.52   11.66   24.35 3356.51 v u336402/Y (MAJx2_ASAP7_75t_R)
                                         n257210 (net)
                 11.67    0.11 3356.61 v u336405/B (MAJx2_ASAP7_75t_R)
     2    2.41   11.68   24.13 3380.74 v u336405/Y (MAJx2_ASAP7_75t_R)
                                         n257213 (net)
                 11.68    0.08 3380.82 v u336407/B (MAJx2_ASAP7_75t_R)
     2    2.83   12.47   24.80 3405.62 v u336407/Y (MAJx2_ASAP7_75t_R)
                                         n257215 (net)
                 12.49    0.26 3405.88 v u336410/B (MAJx2_ASAP7_75t_R)
     2    2.42   11.71   24.37 3430.24 v u336410/Y (MAJx2_ASAP7_75t_R)
                                         n257218 (net)
                 11.72    0.14 3430.39 v u336412/B (MAJx2_ASAP7_75t_R)
     2    2.73   12.19   24.65 3455.04 v u336412/Y (MAJx2_ASAP7_75t_R)
                                         n257220 (net)
                 12.20    0.20 3455.24 v u336415/B (MAJx2_ASAP7_75t_R)
     2    2.44   11.89   24.32 3479.56 v u336415/Y (MAJx2_ASAP7_75t_R)
                                         n257223 (net)
                 11.90    0.14 3479.70 v u336417/B (MAJx2_ASAP7_75t_R)
     2    2.74   12.22   24.72 3504.42 v u336417/Y (MAJx2_ASAP7_75t_R)
                                         n257225 (net)
                 12.23    0.19 3504.61 v u336420/B (MAJx2_ASAP7_75t_R)
     2    2.33   11.54   24.16 3528.77 v u336420/Y (MAJx2_ASAP7_75t_R)
                                         n257228 (net)
                 11.54    0.07 3528.84 v u336422/B (MAJx2_ASAP7_75t_R)
     2    2.56   11.77   24.33 3553.18 v u336422/Y (MAJx2_ASAP7_75t_R)
                                         n257230 (net)
                 11.78    0.13 3553.30 v u336425/B (MAJx2_ASAP7_75t_R)
     2    2.48   12.05   24.26 3577.56 v u336425/Y (MAJx2_ASAP7_75t_R)
                                         n257233 (net)
                 12.06    0.16 3577.72 v u336427/B (MAJx2_ASAP7_75t_R)
     2    2.63   11.91   24.61 3602.34 v u336427/Y (MAJx2_ASAP7_75t_R)
                                         n257235 (net)
                 11.92    0.12 3602.46 v u336430/B (MAJx2_ASAP7_75t_R)
     2    2.39   11.64   24.15 3626.61 v u336430/Y (MAJx2_ASAP7_75t_R)
                                         n257238 (net)
                 11.65    0.10 3626.71 v u336432/B (MAJx2_ASAP7_75t_R)
     2    2.63   11.95   24.49 3651.20 v u336432/Y (MAJx2_ASAP7_75t_R)
                                         n257240 (net)
                 11.95    0.15 3651.35 v u336435/B (MAJx2_ASAP7_75t_R)
     2    2.32   11.60   24.07 3675.42 v u336435/Y (MAJx2_ASAP7_75t_R)
                                         n257243 (net)
                 11.60    0.08 3675.50 v u336437/B (MAJx2_ASAP7_75t_R)
     2    2.55   11.74   24.33 3699.83 v u336437/Y (MAJx2_ASAP7_75t_R)
                                         n257245 (net)
                 11.74    0.13 3699.96 v u336440/B (MAJx2_ASAP7_75t_R)
     2    2.49   11.96   24.26 3724.22 v u336440/Y (MAJx2_ASAP7_75t_R)
                                         n257248 (net)
                 11.97    0.16 3724.38 v u336442/B (MAJx2_ASAP7_75t_R)
     2    2.68   12.04   24.69 3749.07 v u336442/Y (MAJx2_ASAP7_75t_R)
                                         n257250 (net)
                 12.04    0.10 3749.17 v u336445/B (MAJx2_ASAP7_75t_R)
     2    2.49   12.02   24.35 3773.52 v u336445/Y (MAJx2_ASAP7_75t_R)
                                         n257253 (net)
                 12.03    0.15 3773.68 v u336447/B (MAJx2_ASAP7_75t_R)
     2    2.57   11.77   24.52 3798.20 v u336447/Y (MAJx2_ASAP7_75t_R)
                                         n257255 (net)
                 11.77    0.09 3798.29 v u336450/B (MAJx2_ASAP7_75t_R)
     2    2.33   11.42   24.03 3822.32 v u336450/Y (MAJx2_ASAP7_75t_R)
                                         n257258 (net)
                 11.42    0.08 3822.40 v u336452/B (MAJx2_ASAP7_75t_R)
     2    2.87   12.58   24.79 3847.19 v u336452/Y (MAJx2_ASAP7_75t_R)
                                         n257260 (net)
                 12.60    0.27 3847.46 v u336455/B (MAJx2_ASAP7_75t_R)
     2    2.43   11.72   24.41 3871.87 v u336455/Y (MAJx2_ASAP7_75t_R)
                                         n257263 (net)
                 11.73    0.15 3872.02 v u336457/B (MAJx2_ASAP7_75t_R)
     2    2.67   12.04   24.57 3896.59 v u336457/Y (MAJx2_ASAP7_75t_R)
                                         n257265 (net)
                 12.05    0.18 3896.77 v u336460/B (MAJx2_ASAP7_75t_R)
     2    2.41   11.63   24.22 3920.98 v u336460/Y (MAJx2_ASAP7_75t_R)
                                         n257268 (net)
                 11.63    0.13 3921.11 v u336462/B (MAJx2_ASAP7_75t_R)
     2    2.73   12.20   24.61 3945.72 v u336462/Y (MAJx2_ASAP7_75t_R)
                                         n257270 (net)
                 12.21    0.22 3945.94 v u336465/B (MAJx2_ASAP7_75t_R)
     2    2.20   11.23   23.88 3969.82 v u336465/Y (MAJx2_ASAP7_75t_R)
                                         n257273 (net)
                 11.24    0.17 3969.99 v u336469/A (MAJx2_ASAP7_75t_R)
     2    2.89   12.91   23.02 3993.01 v u336469/Y (MAJx2_ASAP7_75t_R)
                                         n257277 (net)
                 12.93    0.31 3993.32 v u336472/B (MAJx2_ASAP7_75t_R)
     3    2.86   12.75   25.20 4018.52 v u336472/Y (MAJx2_ASAP7_75t_R)
                                         n257280 (net)
                 12.77    0.24 4018.76 v u336473/C (OR3x1_ASAP7_75t_R)
     1    1.14   10.70   22.59 4041.35 v u336473/Y (OR3x1_ASAP7_75t_R)
                                         n257281 (net)
                 10.70    0.05 4041.40 v u336476/A (NAND2x1_ASAP7_75t_R)
     3    3.64   27.26   17.41 4058.80 ^ u336476/Y (NAND2x1_ASAP7_75t_R)
                                         n257284 (net)
                 27.28    0.43 4059.23 ^ u336478/C (OR4x1_ASAP7_75t_R)
     4    3.91   26.69   24.76 4084.00 ^ u336478/Y (OR4x1_ASAP7_75t_R)
                                         n257286 (net)
                 26.70    0.16 4084.16 ^ u336480/A (OR2x2_ASAP7_75t_R)
     5    6.36   22.82   27.42 4111.58 ^ u336480/Y (OR2x2_ASAP7_75t_R)
                                         n257288 (net)
                 22.82    0.20 4111.78 ^ u336497/A (NOR2x2_ASAP7_75t_R)
    29   34.58  101.70   47.26 4159.04 v u336497/Y (NOR2x2_ASAP7_75t_R)
                                         n256731 (net)
                103.17    6.92 4165.96 v place54623/A (BUFx3_ASAP7_75t_R)
    29   26.16   54.70   45.95 4211.91 v place54623/Y (BUFx3_ASAP7_75t_R)
                                         net54582 (net)
                 66.87   13.47 4225.38 v place54622/A (BUFx3_ASAP7_75t_R)
    37   36.23   73.68   44.89 4270.26 v place54622/Y (BUFx3_ASAP7_75t_R)
                                         net54581 (net)
                 94.00   20.58 4290.84 v place54621/A (BUFx6f_ASAP7_75t_R)
    60   54.79   57.96   37.96 4328.80 v place54621/Y (BUFx6f_ASAP7_75t_R)
                                         net54580 (net)
                124.00   36.92 4365.72 v u336720/B (NAND2x1_ASAP7_75t_R)
     1    0.81   25.30   23.13 4388.85 ^ u336720/Y (NAND2x1_ASAP7_75t_R)
                                         n257438 (net)
                 25.30    0.04 4388.89 ^ u336721/B (OA21x2_ASAP7_75t_R)
     1    0.89   10.00   18.68 4407.57 ^ u336721/Y (OA21x2_ASAP7_75t_R)
                                         n238677 (net)
                 10.00    0.06 4407.63 ^ u316933/D (DFFHQNx1_ASAP7_75t_R)
                               4407.63   data arrival time

                       5000.00 5000.00   clock core_clock (rise edge)
                          0.00 5000.00   clock source latency
     1   19.00    0.00    0.00 5000.00 ^ ap_clk (in)
                                         ap_clk (net)
                139.92   44.14 5044.14 ^ wire60394/A (BUFx12f_ASAP7_75t_R)
     1   17.41   12.11   28.75 5072.89 ^ wire60394/Y (BUFx12f_ASAP7_75t_R)
                                         net60353 (net)
                122.02   38.37 5111.26 ^ wire60393/A (BUFx12f_ASAP7_75t_R)
     1   18.59   11.99   27.69 5138.94 ^ wire60393/Y (BUFx12f_ASAP7_75t_R)
                                         net60352 (net)
                138.88   43.72 5182.66 ^ wire60392/A (BUFx12f_ASAP7_75t_R)
     1   18.62   12.40   28.88 5211.54 ^ wire60392/Y (BUFx12f_ASAP7_75t_R)
                                         net60351 (net)
                139.42   43.88 5255.42 ^ wire60391/A (BUFx12f_ASAP7_75t_R)
     1   18.56   12.41   28.92 5284.33 ^ wire60391/Y (BUFx12f_ASAP7_75t_R)
                                         net60350 (net)
                138.60   43.62 5327.96 ^ clkbuf_0_ap_clk/A (BUFx24_ASAP7_75t_R)
     2   14.20   14.84   39.78 5367.74 ^ clkbuf_0_ap_clk/Y (BUFx24_ASAP7_75t_R)
                                         clknet_0_ap_clk (net)
                 25.33    6.88 5374.62 ^ clkbuf_1_0_0_ap_clk/A (BUFx24_ASAP7_75t_R)
     1    8.67    8.46   22.24 5396.85 ^ clkbuf_1_0_0_ap_clk/Y (BUFx24_ASAP7_75t_R)
                                         clknet_1_0_0_ap_clk (net)
                 30.89    9.45 5406.30 ^ clkbuf_1_0_1_ap_clk/A (BUFx24_ASAP7_75t_R)
     1    8.65    8.72   23.61 5429.91 ^ clkbuf_1_0_1_ap_clk/Y (BUFx24_ASAP7_75t_R)
                                         clknet_1_0_1_ap_clk (net)
                 30.87    9.43 5439.34 ^ clkbuf_1_0_2_ap_clk/A (BUFx24_ASAP7_75t_R)
     2   13.11    9.15   23.65 5462.99 ^ clkbuf_1_0_2_ap_clk/Y (BUFx24_ASAP7_75t_R)
                                         clknet_1_0_2_ap_clk (net)
                 34.87   10.54 5473.53 ^ clkbuf_2_0_0_ap_clk/A (BUFx24_ASAP7_75t_R)
     1    8.69    8.90   24.60 5498.13 ^ clkbuf_2_0_0_ap_clk/Y (BUFx24_ASAP7_75t_R)
                                         clknet_2_0_0_ap_clk (net)
                 31.19    9.52 5507.65 ^ clkbuf_2_0_1_ap_clk/A (BUFx24_ASAP7_75t_R)
     1    8.88    8.76   23.70 5531.35 ^ clkbuf_2_0_1_ap_clk/Y (BUFx24_ASAP7_75t_R)
                                         clknet_2_0_1_ap_clk (net)
                 32.45    9.94 5541.28 ^ clkbuf_2_0_2_ap_clk/A (BUFx24_ASAP7_75t_R)
     2   11.23    8.88   23.93 5565.21 ^ clkbuf_2_0_2_ap_clk/Y (BUFx24_ASAP7_75t_R)
                                         clknet_2_0_2_ap_clk (net)
                 33.87   10.27 5575.48 ^ clkbuf_3_1_0_ap_clk/A (BUFx24_ASAP7_75t_R)
     1    8.68    8.86   24.35 5599.83 ^ clkbuf_3_1_0_ap_clk/Y (BUFx24_ASAP7_75t_R)
                                         clknet_3_1_0_ap_clk (net)
                 31.13    9.50 5609.33 ^ clkbuf_3_1_1_ap_clk/A (BUFx24_ASAP7_75t_R)
     2   12.60    9.34   23.77 5633.10 ^ clkbuf_3_1_1_ap_clk/Y (BUFx24_ASAP7_75t_R)
                                         clknet_3_1_1_ap_clk (net)
                 29.14    8.59 5641.69 ^ clkbuf_4_3_0_ap_clk/A (BUFx24_ASAP7_75t_R)
     1    8.61    8.63   23.17 5664.86 ^ clkbuf_4_3_0_ap_clk/Y (BUFx24_ASAP7_75t_R)
                                         clknet_4_3_0_ap_clk (net)
                 30.59    9.34 5674.20 ^ clkbuf_4_3_1_ap_clk/A (BUFx24_ASAP7_75t_R)
     2   14.10   10.65   24.31 5698.51 ^ clkbuf_4_3_1_ap_clk/Y (BUFx24_ASAP7_75t_R)
                                         clknet_4_3_1_ap_clk (net)
                 23.51    6.62 5705.13 ^ clkbuf_5_6_0_ap_clk/A (BUFx24_ASAP7_75t_R)
     2   13.30    9.43   22.07 5727.20 ^ clkbuf_5_6_0_ap_clk/Y (BUFx24_ASAP7_75t_R)
                                         clknet_5_6_0_ap_clk (net)
                 27.91    8.18 5735.38 ^ clkbuf_6_12_0_ap_clk/A (BUFx24_ASAP7_75t_R)
     4   18.88   13.74   23.97 5759.35 ^ clkbuf_6_12_0_ap_clk/Y (BUFx24_ASAP7_75t_R)
                                         clknet_6_12_0_ap_clk (net)
                 23.51    6.04 5765.38 ^ clkbuf_8_48_0_ap_clk/A (BUFx24_ASAP7_75t_R)
     2    6.57    8.71   21.91 5787.29 ^ clkbuf_8_48_0_ap_clk/Y (BUFx24_ASAP7_75t_R)
                                         clknet_8_48_0_ap_clk (net)
                 10.41    2.11 5789.40 ^ clkbuf_9_96__f_ap_clk/A (BUFx24_ASAP7_75t_R)
    15   41.20   24.45   22.07 5811.48 ^ clkbuf_9_96__f_ap_clk/Y (BUFx24_ASAP7_75t_R)
                                         clknet_9_96__leaf_ap_clk (net)
                 25.13    2.29 5813.77 ^ clkbuf_leaf_5434_ap_clk/A (BUFx24_ASAP7_75t_R)
    23   12.85   11.34   23.58 5837.35 ^ clkbuf_leaf_5434_ap_clk/Y (BUFx24_ASAP7_75t_R)
                                         clknet_leaf_5434_ap_clk (net)
                 11.58    0.81 5838.16 ^ u316933/CLK (DFFHQNx1_ASAP7_75t_R)
                         14.34 5852.50   clock reconvergence pessimism
                         -5.92 5846.58   library setup time
                               5846.58   data required time
-----------------------------------------------------------------------------
                               5846.58   data required time
                               -4407.63   data arrival time
-----------------------------------------------------------------------------
                               1438.95   slack (MET)



==========================================================================
cts final report_check_types -max_slew -max_cap -max_fanout -violators
--------------------------------------------------------------------------

==========================================================================
cts final max_slew_check_slack
--------------------------------------------------------------------------
15.315942764282227

==========================================================================
cts final max_slew_check_limit
--------------------------------------------------------------------------
320.0

==========================================================================
cts final max_slew_check_slack_limit
--------------------------------------------------------------------------
0.0479

==========================================================================
cts final max_fanout_check_slack
--------------------------------------------------------------------------
1.0000000150474662e+30

==========================================================================
cts final max_fanout_check_limit
--------------------------------------------------------------------------
1.0000000150474662e+30

==========================================================================
cts final max_capacitance_check_slack
--------------------------------------------------------------------------
0.7115686535835266

==========================================================================
cts final max_capacitance_check_limit
--------------------------------------------------------------------------
23.040000915527344

==========================================================================
cts final max_capacitance_check_slack_limit
--------------------------------------------------------------------------
0.0309

==========================================================================
cts final max_slew_violation_count
--------------------------------------------------------------------------
max slew violation count 0

==========================================================================
cts final max_fanout_violation_count
--------------------------------------------------------------------------
max fanout violation count 0

==========================================================================
cts final max_cap_violation_count
--------------------------------------------------------------------------
max cap violation count 0

==========================================================================
cts final setup_violation_count
--------------------------------------------------------------------------
setup violation count 0

==========================================================================
cts final hold_violation_count
--------------------------------------------------------------------------
hold violation count 1009

==========================================================================
cts final report_checks -path_delay max reg to reg
--------------------------------------------------------------------------
Startpoint: u336116 (rising edge-triggered flip-flop clocked by core_clock)
Endpoint: u316933 (rising edge-triggered flip-flop clocked by core_clock)
Path Group: core_clock
Path Type: max

  Delay    Time   Description
---------------------------------------------------------
   0.00    0.00   clock core_clock (rise edge)
   0.00    0.00   clock source latency
   0.00    0.00 ^ ap_clk (in)
  75.63   75.63 ^ wire60394/Y (BUFx12f_ASAP7_75t_R)
  68.64  144.26 ^ wire60393/Y (BUFx12f_ASAP7_75t_R)
  75.36  219.62 ^ wire60392/Y (BUFx12f_ASAP7_75t_R)
  75.57  295.19 ^ wire60391/Y (BUFx12f_ASAP7_75t_R)
  86.88  382.08 ^ clkbuf_0_ap_clk/Y (BUFx24_ASAP7_75t_R)
  31.65  413.73 ^ clkbuf_1_1_0_ap_clk/Y (BUFx24_ASAP7_75t_R)
  35.61  449.34 ^ clkbuf_1_1_1_ap_clk/Y (BUFx24_ASAP7_75t_R)
  35.72  485.05 ^ clkbuf_1_1_2_ap_clk/Y (BUFx24_ASAP7_75t_R)
  35.79  520.84 ^ clkbuf_2_3_0_ap_clk/Y (BUFx24_ASAP7_75t_R)
  34.17  555.00 ^ clkbuf_2_3_1_ap_clk/Y (BUFx24_ASAP7_75t_R)
  34.12  589.12 ^ clkbuf_2_3_2_ap_clk/Y (BUFx24_ASAP7_75t_R)
  37.54  626.66 ^ clkbuf_3_6_0_ap_clk/Y (BUFx24_ASAP7_75t_R)
  34.15  660.81 ^ clkbuf_3_6_1_ap_clk/Y (BUFx24_ASAP7_75t_R)
  34.50  695.30 ^ clkbuf_4_12_0_ap_clk/Y (BUFx24_ASAP7_75t_R)
  35.83  731.14 ^ clkbuf_4_12_1_ap_clk/Y (BUFx24_ASAP7_75t_R)
  35.08  766.22 ^ clkbuf_5_24_0_ap_clk/Y (BUFx24_ASAP7_75t_R)
  30.91  797.13 ^ clkbuf_6_48_0_ap_clk/Y (BUFx24_ASAP7_75t_R)
  33.18  830.31 ^ clkbuf_8_192_0_ap_clk/Y (BUFx24_ASAP7_75t_R)
  24.62  854.93 ^ clkbuf_9_384__f_ap_clk/Y (BUFx24_ASAP7_75t_R)
  85.66  940.59 ^ clkbuf_leaf_425_ap_clk/Y (BUFx24_ASAP7_75t_R)
   1.14  941.73 ^ u336116/CLK (DFFHQNx1_ASAP7_75t_R)
  38.95  980.68 v u336116/QN (DFFHQNx1_ASAP7_75t_R)
  11.00  991.67 ^ u336117/Y (INVx1_ASAP7_75t_R)
  18.16 1009.83 ^ u336119/Y (OR2x2_ASAP7_75t_R)
  20.10 1029.94 ^ u336123/Y (MAJx2_ASAP7_75t_R)
  20.48 1050.42 ^ u336127/Y (MAJx2_ASAP7_75t_R)
  19.83 1070.24 ^ u336131/Y (MAJx2_ASAP7_75t_R)
  19.81 1090.06 ^ u336135/Y (MAJx2_ASAP7_75t_R)
  20.37 1110.42 ^ u336139/Y (MAJx2_ASAP7_75t_R)
  20.75 1131.17 ^ u336143/Y (MAJx2_ASAP7_75t_R)
  20.72 1151.89 ^ u336147/Y (MAJx2_ASAP7_75t_R)
  24.86 1176.74 ^ u336151/Y (MAJx2_ASAP7_75t_R)
  26.57 1203.31 ^ u336155/Y (MAJx2_ASAP7_75t_R)
  23.25 1226.56 ^ u336159/Y (MAJx2_ASAP7_75t_R)
  19.37 1245.93 ^ u336160/Y (OA21x2_ASAP7_75t_R)
   9.18 1255.11 v u336161/Y (AOI21x1_ASAP7_75t_R)
  11.77 1266.88 ^ u336162/Y (NOR2x1_ASAP7_75t_R)
  16.84 1283.72 ^ u336163/Y (AO21x1_ASAP7_75t_R)
  21.61 1305.32 ^ u336167/Y (MAJx2_ASAP7_75t_R)
  21.40 1326.72 ^ u336171/Y (MAJx2_ASAP7_75t_R)
  21.21 1347.93 ^ u336175/Y (MAJx2_ASAP7_75t_R)
  22.13 1370.06 ^ u336179/Y (MAJx2_ASAP7_75t_R)
  22.55 1392.60 ^ u336183/Y (MAJx2_ASAP7_75t_R)
  21.30 1413.90 ^ u336187/Y (MAJx2_ASAP7_75t_R)
  17.94 1431.84 ^ u336188/Y (OA21x2_ASAP7_75t_R)
   9.41 1441.26 v u336189/Y (AOI21x1_ASAP7_75t_R)
  11.62 1452.88 ^ u336190/Y (NOR2x1_ASAP7_75t_R)
  17.32 1470.19 ^ u336191/Y (AO21x1_ASAP7_75t_R)
  22.36 1492.56 ^ u336195/Y (MAJx2_ASAP7_75t_R)
  21.06 1513.62 ^ u336199/Y (MAJx2_ASAP7_75t_R)
  20.73 1534.34 ^ u336203/Y (MAJx2_ASAP7_75t_R)
  20.27 1554.61 ^ u336207/Y (MAJx2_ASAP7_75t_R)
  20.03 1574.64 ^ u336211/Y (MAJx2_ASAP7_75t_R)
  19.77 1594.41 ^ u336215/Y (MAJx2_ASAP7_75t_R)
  17.25 1611.66 ^ u336216/Y (OA21x2_ASAP7_75t_R)
   9.89 1621.55 v u336217/Y (AOI21x1_ASAP7_75t_R)
  27.20 1648.75 v u336219/Y (MAJx2_ASAP7_75t_R)
  24.92 1673.67 v u336222/Y (MAJx2_ASAP7_75t_R)
  24.88 1698.55 v u336224/Y (MAJx2_ASAP7_75t_R)
  24.92 1723.46 v u336227/Y (MAJx2_ASAP7_75t_R)
  25.50 1748.96 v u336229/Y (MAJx2_ASAP7_75t_R)
  25.33 1774.30 v u336232/Y (MAJx2_ASAP7_75t_R)
  25.27 1799.57 v u336234/Y (MAJx2_ASAP7_75t_R)
  24.69 1824.26 v u336237/Y (MAJx2_ASAP7_75t_R)
  25.54 1849.80 v u336239/Y (MAJx2_ASAP7_75t_R)
  25.63 1875.42 v u336242/Y (MAJx2_ASAP7_75t_R)
  25.40 1900.83 v u336244/Y (MAJx2_ASAP7_75t_R)
  24.64 1925.47 v u336247/Y (MAJx2_ASAP7_75t_R)
  24.94 1950.40 v u336249/Y (MAJx2_ASAP7_75t_R)
  24.73 1975.14 v u336252/Y (MAJx2_ASAP7_75t_R)
  24.82 1999.96 v u336254/Y (MAJx2_ASAP7_75t_R)
  24.58 2024.54 v u336257/Y (MAJx2_ASAP7_75t_R)
  24.79 2049.33 v u336259/Y (MAJx2_ASAP7_75t_R)
  24.90 2074.23 v u336262/Y (MAJx2_ASAP7_75t_R)
  25.14 2099.37 v u336264/Y (MAJx2_ASAP7_75t_R)
  23.77 2123.14 v u336267/Y (MAJx2_ASAP7_75t_R)
   9.81 2132.95 ^ u336268/Y (NOR2x1_ASAP7_75t_R)
  16.30 2149.25 ^ u336269/Y (AO21x1_ASAP7_75t_R)
  23.27 2172.52 ^ u336273/Y (MAJx2_ASAP7_75t_R)
  11.80 2184.32 v u336285/Y (OAI21x1_ASAP7_75t_R)
  26.23 2210.55 v u336287/Y (MAJx2_ASAP7_75t_R)
  24.73 2235.28 v u336290/Y (MAJx2_ASAP7_75t_R)
  25.13 2260.41 v u336292/Y (MAJx2_ASAP7_75t_R)
  24.63 2285.03 v u336295/Y (MAJx2_ASAP7_75t_R)
  24.62 2309.65 v u336297/Y (MAJx2_ASAP7_75t_R)
  24.48 2334.13 v u336300/Y (MAJx2_ASAP7_75t_R)
  24.90 2359.04 v u336302/Y (MAJx2_ASAP7_75t_R)
  24.45 2383.49 v u336305/Y (MAJx2_ASAP7_75t_R)
  24.72 2408.21 v u336307/Y (MAJx2_ASAP7_75t_R)
  24.67 2432.88 v u336310/Y (MAJx2_ASAP7_75t_R)
  24.84 2457.72 v u336312/Y (MAJx2_ASAP7_75t_R)
  24.61 2482.33 v u336315/Y (MAJx2_ASAP7_75t_R)
  25.32 2507.65 v u336317/Y (MAJx2_ASAP7_75t_R)
  24.96 2532.62 v u336320/Y (MAJx2_ASAP7_75t_R)
  25.10 2557.72 v u336322/Y (MAJx2_ASAP7_75t_R)
  24.77 2582.49 v u336325/Y (MAJx2_ASAP7_75t_R)
  24.90 2607.39 v u336327/Y (MAJx2_ASAP7_75t_R)
  24.87 2632.26 v u336330/Y (MAJx2_ASAP7_75t_R)
  25.24 2657.51 v u336332/Y (MAJx2_ASAP7_75t_R)
  25.24 2682.75 v u336335/Y (MAJx2_ASAP7_75t_R)
  25.29 2708.04 v u336337/Y (MAJx2_ASAP7_75t_R)
  25.37 2733.41 v u336340/Y (MAJx2_ASAP7_75t_R)
  26.00 2759.41 v u336342/Y (MAJx2_ASAP7_75t_R)
  25.20 2784.61 v u336345/Y (MAJx2_ASAP7_75t_R)
  25.20 2809.82 v u336347/Y (MAJx2_ASAP7_75t_R)
  24.83 2834.65 v u336350/Y (MAJx2_ASAP7_75t_R)
  25.22 2859.87 v u336352/Y (MAJx2_ASAP7_75t_R)
  24.82 2884.69 v u336355/Y (MAJx2_ASAP7_75t_R)
  24.83 2909.52 v u336357/Y (MAJx2_ASAP7_75t_R)
  24.53 2934.06 v u336360/Y (MAJx2_ASAP7_75t_R)
  24.83 2958.89 v u336362/Y (MAJx2_ASAP7_75t_R)
  24.48 2983.36 v u336365/Y (MAJx2_ASAP7_75t_R)
  24.96 3008.32 v u336367/Y (MAJx2_ASAP7_75t_R)
  24.77 3033.09 v u336370/Y (MAJx2_ASAP7_75t_R)
  24.79 3057.88 v u336372/Y (MAJx2_ASAP7_75t_R)
  24.75 3082.63 v u336375/Y (MAJx2_ASAP7_75t_R)
  24.79 3107.42 v u336377/Y (MAJx2_ASAP7_75t_R)
  24.61 3132.03 v u336380/Y (MAJx2_ASAP7_75t_R)
  25.05 3157.08 v u336382/Y (MAJx2_ASAP7_75t_R)
  24.66 3181.74 v u336385/Y (MAJx2_ASAP7_75t_R)
  24.86 3206.61 v u336387/Y (MAJx2_ASAP7_75t_R)
  24.94 3231.54 v u336390/Y (MAJx2_ASAP7_75t_R)
  24.98 3256.52 v u336392/Y (MAJx2_ASAP7_75t_R)
  24.77 3281.29 v u336395/Y (MAJx2_ASAP7_75t_R)
  25.68 3306.97 v u336397/Y (MAJx2_ASAP7_75t_R)
  25.07 3332.04 v u336400/Y (MAJx2_ASAP7_75t_R)
  24.47 3356.51 v u336402/Y (MAJx2_ASAP7_75t_R)
  24.24 3380.74 v u336405/Y (MAJx2_ASAP7_75t_R)
  24.88 3405.62 v u336407/Y (MAJx2_ASAP7_75t_R)
  24.62 3430.24 v u336410/Y (MAJx2_ASAP7_75t_R)
  24.79 3455.04 v u336412/Y (MAJx2_ASAP7_75t_R)
  24.52 3479.56 v u336415/Y (MAJx2_ASAP7_75t_R)
  24.86 3504.42 v u336417/Y (MAJx2_ASAP7_75t_R)
  24.35 3528.77 v u336420/Y (MAJx2_ASAP7_75t_R)
  24.41 3553.18 v u336422/Y (MAJx2_ASAP7_75t_R)
  24.39 3577.56 v u336425/Y (MAJx2_ASAP7_75t_R)
  24.77 3602.34 v u336427/Y (MAJx2_ASAP7_75t_R)
  24.27 3626.61 v u336430/Y (MAJx2_ASAP7_75t_R)
  24.60 3651.20 v u336432/Y (MAJx2_ASAP7_75t_R)
  24.22 3675.42 v u336435/Y (MAJx2_ASAP7_75t_R)
  24.41 3699.83 v u336437/Y (MAJx2_ASAP7_75t_R)
  24.39 3724.22 v u336440/Y (MAJx2_ASAP7_75t_R)
  24.85 3749.07 v u336442/Y (MAJx2_ASAP7_75t_R)
  24.45 3773.52 v u336445/Y (MAJx2_ASAP7_75t_R)
  24.67 3798.20 v u336447/Y (MAJx2_ASAP7_75t_R)
  24.12 3822.32 v u336450/Y (MAJx2_ASAP7_75t_R)
  24.87 3847.19 v u336452/Y (MAJx2_ASAP7_75t_R)
  24.68 3871.87 v u336455/Y (MAJx2_ASAP7_75t_R)
  24.71 3896.59 v u336457/Y (MAJx2_ASAP7_75t_R)
  24.40 3920.98 v u336460/Y (MAJx2_ASAP7_75t_R)
  24.74 3945.72 v u336462/Y (MAJx2_ASAP7_75t_R)
  24.10 3969.82 v u336465/Y (MAJx2_ASAP7_75t_R)
  23.19 3993.01 v u336469/Y (MAJx2_ASAP7_75t_R)
  25.51 4018.52 v u336472/Y (MAJx2_ASAP7_75t_R)
  22.83 4041.35 v u336473/Y (OR3x1_ASAP7_75t_R)
  17.45 4058.80 ^ u336476/Y (NAND2x1_ASAP7_75t_R)
  25.20 4084.00 ^ u336478/Y (OR4x1_ASAP7_75t_R)
  27.58 4111.58 ^ u336480/Y (OR2x2_ASAP7_75t_R)
  47.46 4159.04 v u336497/Y (NOR2x2_ASAP7_75t_R)
  52.87 4211.91 v place54623/Y (BUFx3_ASAP7_75t_R)
  58.36 4270.26 v place54622/Y (BUFx3_ASAP7_75t_R)
  58.54 4328.80 v place54621/Y (BUFx6f_ASAP7_75t_R)
  60.05 4388.85 ^ u336720/Y (NAND2x1_ASAP7_75t_R)
  18.72 4407.57 ^ u336721/Y (OA21x2_ASAP7_75t_R)
   0.06 4407.63 ^ u316933/D (DFFHQNx1_ASAP7_75t_R)
        4407.63   data arrival time

5000.00 5000.00   clock core_clock (rise edge)
   0.00 5000.00   clock source latency
   0.00 5000.00 ^ ap_clk (in)
  72.89 5072.89 ^ wire60394/Y (BUFx12f_ASAP7_75t_R)
  66.06 5138.94 ^ wire60393/Y (BUFx12f_ASAP7_75t_R)
  72.59 5211.54 ^ wire60392/Y (BUFx12f_ASAP7_75t_R)
  72.80 5284.33 ^ wire60391/Y (BUFx12f_ASAP7_75t_R)
  83.40 5367.74 ^ clkbuf_0_ap_clk/Y (BUFx24_ASAP7_75t_R)
  29.12 5396.85 ^ clkbuf_1_0_0_ap_clk/Y (BUFx24_ASAP7_75t_R)
  33.06 5429.91 ^ clkbuf_1_0_1_ap_clk/Y (BUFx24_ASAP7_75t_R)
  33.07 5462.99 ^ clkbuf_1_0_2_ap_clk/Y (BUFx24_ASAP7_75t_R)
  35.14 5498.13 ^ clkbuf_2_0_0_ap_clk/Y (BUFx24_ASAP7_75t_R)
  33.22 5531.35 ^ clkbuf_2_0_1_ap_clk/Y (BUFx24_ASAP7_75t_R)
  33.86 5565.21 ^ clkbuf_2_0_2_ap_clk/Y (BUFx24_ASAP7_75t_R)
  34.62 5599.83 ^ clkbuf_3_1_0_ap_clk/Y (BUFx24_ASAP7_75t_R)
  33.27 5633.10 ^ clkbuf_3_1_1_ap_clk/Y (BUFx24_ASAP7_75t_R)
  31.76 5664.86 ^ clkbuf_4_3_0_ap_clk/Y (BUFx24_ASAP7_75t_R)
  33.65 5698.51 ^ clkbuf_4_3_1_ap_clk/Y (BUFx24_ASAP7_75t_R)
  28.69 5727.20 ^ clkbuf_5_6_0_ap_clk/Y (BUFx24_ASAP7_75t_R)
  32.15 5759.35 ^ clkbuf_6_12_0_ap_clk/Y (BUFx24_ASAP7_75t_R)
  27.95 5787.29 ^ clkbuf_8_48_0_ap_clk/Y (BUFx24_ASAP7_75t_R)
  24.18 5811.48 ^ clkbuf_9_96__f_ap_clk/Y (BUFx24_ASAP7_75t_R)
  25.87 5837.35 ^ clkbuf_leaf_5434_ap_clk/Y (BUFx24_ASAP7_75t_R)
   0.81 5838.16 ^ u316933/CLK (DFFHQNx1_ASAP7_75t_R)
  14.34 5852.50   clock reconvergence pessimism
  -5.92 5846.58   library setup time
        5846.58   data required time
---------------------------------------------------------
        5846.58   data required time
        -4407.63   data arrival time
---------------------------------------------------------
        1438.95   slack (MET)



==========================================================================
cts final report_checks -path_delay min reg to reg
--------------------------------------------------------------------------
Startpoint: u206028 (rising edge-triggered flip-flop clocked by core_clock)
Endpoint: u202669 (rising edge-triggered flip-flop clocked by core_clock)
Path Group: core_clock
Path Type: min

  Delay    Time   Description
---------------------------------------------------------
   0.00    0.00   clock core_clock (rise edge)
   0.00    0.00   clock source latency
   0.00    0.00 ^ ap_clk (in)
  72.89   72.89 ^ wire60394/Y (BUFx12f_ASAP7_75t_R)
  66.06  138.94 ^ wire60393/Y (BUFx12f_ASAP7_75t_R)
  72.60  211.54 ^ wire60392/Y (BUFx12f_ASAP7_75t_R)
  72.80  284.33 ^ wire60391/Y (BUFx12f_ASAP7_75t_R)
  83.40  367.74 ^ clkbuf_0_ap_clk/Y (BUFx24_ASAP7_75t_R)
  29.12  396.85 ^ clkbuf_1_0_0_ap_clk/Y (BUFx24_ASAP7_75t_R)
  33.06  429.91 ^ clkbuf_1_0_1_ap_clk/Y (BUFx24_ASAP7_75t_R)
  33.07  462.99 ^ clkbuf_1_0_2_ap_clk/Y (BUFx24_ASAP7_75t_R)
  34.05  497.04 ^ clkbuf_2_1_0_ap_clk/Y (BUFx24_ASAP7_75t_R)
  32.40  529.44 ^ clkbuf_2_1_1_ap_clk/Y (BUFx24_ASAP7_75t_R)
  32.67  562.11 ^ clkbuf_2_1_2_ap_clk/Y (BUFx24_ASAP7_75t_R)
  19.73  581.84 ^ clkbuf_3_3_0_ap_clk/Y (BUFx24_ASAP7_75t_R)
  34.45  616.29 ^ clkbuf_3_3_1_ap_clk/Y (BUFx24_ASAP7_75t_R)
  30.70  646.99 ^ clkbuf_4_7_0_ap_clk/Y (BUFx24_ASAP7_75t_R)
  33.07  680.05 ^ clkbuf_4_7_1_ap_clk/Y (BUFx24_ASAP7_75t_R)
  30.26  710.31 ^ clkbuf_5_15_0_ap_clk/Y (BUFx24_ASAP7_75t_R)
  29.68  739.99 ^ clkbuf_6_31_0_ap_clk/Y (BUFx24_ASAP7_75t_R)
  29.13  769.12 ^ clkbuf_8_127_0_ap_clk/Y (BUFx24_ASAP7_75t_R)
  23.93  793.05 ^ clkbuf_9_255__f_ap_clk/Y (BUFx24_ASAP7_75t_R)
  34.39  827.44 ^ clkbuf_leaf_2917_ap_clk/Y (BUFx24_ASAP7_75t_R)
   0.75  828.19 ^ u206028/CLK (DFFHQNx1_ASAP7_75t_R)
  39.74  867.93 ^ u206028/QN (DFFHQNx1_ASAP7_75t_R)
   7.99  875.92 v u206030/Y (OAI21x1_ASAP7_75t_R)
   0.02  875.95 v u202669/D (DFFHQNx1_ASAP7_75t_R)
         875.95   data arrival time

   0.00    0.00   clock core_clock (rise edge)
   0.00    0.00   clock source latency
   0.00    0.00 ^ ap_clk (in)
  75.63   75.63 ^ wire60394/Y (BUFx12f_ASAP7_75t_R)
  68.64  144.26 ^ wire60393/Y (BUFx12f_ASAP7_75t_R)
  75.36  219.62 ^ wire60392/Y (BUFx12f_ASAP7_75t_R)
  75.57  295.19 ^ wire60391/Y (BUFx12f_ASAP7_75t_R)
  86.88  382.08 ^ clkbuf_0_ap_clk/Y (BUFx24_ASAP7_75t_R)
  31.65  413.73 ^ clkbuf_1_1_0_ap_clk/Y (BUFx24_ASAP7_75t_R)
  35.61  449.34 ^ clkbuf_1_1_1_ap_clk/Y (BUFx24_ASAP7_75t_R)
  35.72  485.05 ^ clkbuf_1_1_2_ap_clk/Y (BUFx24_ASAP7_75t_R)
  35.79  520.84 ^ clkbuf_2_3_0_ap_clk/Y (BUFx24_ASAP7_75t_R)
  34.17  555.00 ^ clkbuf_2_3_1_ap_clk/Y (BUFx24_ASAP7_75t_R)
  34.12  589.12 ^ clkbuf_2_3_2_ap_clk/Y (BUFx24_ASAP7_75t_R)
  37.54  626.66 ^ clkbuf_3_6_0_ap_clk/Y (BUFx24_ASAP7_75t_R)
  34.15  660.81 ^ clkbuf_3_6_1_ap_clk/Y (BUFx24_ASAP7_75t_R)
  33.60  694.41 ^ clkbuf_4_13_0_ap_clk/Y (BUFx24_ASAP7_75t_R)
  34.00  728.41 ^ clkbuf_4_13_1_ap_clk/Y (BUFx24_ASAP7_75t_R)
  35.39  763.80 ^ clkbuf_5_26_0_ap_clk/Y (BUFx24_ASAP7_75t_R)
  30.79  794.58 ^ clkbuf_6_53_0_ap_clk/Y (BUFx24_ASAP7_75t_R)
  36.40  830.98 ^ clkbuf_8_213_0_ap_clk/Y (BUFx24_ASAP7_75t_R)
  22.09  853.07 ^ clkbuf_9_426__f_ap_clk/Y (BUFx24_ASAP7_75t_R)
 134.47  987.55 ^ clkbuf_leaf_2868_ap_clk/Y (BUFx24_ASAP7_75t_R)
   1.64  989.19 ^ u202669/CLK (DFFHQNx1_ASAP7_75t_R)
 -14.34  974.85   clock reconvergence pessimism
  13.62  988.47   library hold time
         988.47   data required time
---------------------------------------------------------
         988.47   data required time
        -875.95   data arrival time
---------------------------------------------------------
        -112.53   slack (VIOLATED)



==========================================================================
cts final critical path target clock latency max path
--------------------------------------------------------------------------
823.7601

==========================================================================
cts final critical path target clock latency min path
--------------------------------------------------------------------------
990.7126

==========================================================================
cts final critical path source clock latency min path
--------------------------------------------------------------------------
0.0000

==========================================================================
cts final critical path delay
--------------------------------------------------------------------------
4407.6265

==========================================================================
cts final critical path slack
--------------------------------------------------------------------------
1438.9517

==========================================================================
cts final slack div critical path delay
--------------------------------------------------------------------------
32.646861

==========================================================================
cts final report_power
--------------------------------------------------------------------------
Group                  Internal  Switching    Leakage      Total
                          Power      Power      Power      Power (Watts)
----------------------------------------------------------------
Sequential             4.65e-02   3.30e-03   1.78e-05   4.98e-02  12.1%
Combinational          1.90e-01   1.32e-01   3.27e-05   3.22e-01  78.6%
Clock                  2.35e-02   1.48e-02   4.09e-06   3.82e-02   9.3%
Macro                  0.00e+00   0.00e+00   0.00e+00   0.00e+00   0.0%
Pad                    0.00e+00   0.00e+00   0.00e+00   0.00e+00   0.0%
----------------------------------------------------------------
Total                  2.60e-01   1.50e-01   5.45e-05   4.10e-01 100.0%
                          63.4%      36.6%       0.0%
