
==========================================================================
global route report_tns
--------------------------------------------------------------------------
tns max 0.00

==========================================================================
global route report_wns
--------------------------------------------------------------------------
wns max 0.00

==========================================================================
global route report_worst_slack
--------------------------------------------------------------------------
worst slack max 1399.72

==========================================================================
global route report_clock_min_period
--------------------------------------------------------------------------
core_clock period_min = 3600.28 fmax = 277.76

==========================================================================
global route report_clock_skew
--------------------------------------------------------------------------
Clock core_clock
 625.32 source latency u31533/CLK ^
-551.87 target latency u28696/CLK ^
  -9.11 CRPR
--------------
  64.34 setup skew


==========================================================================
global route report_checks -path_delay min
--------------------------------------------------------------------------
Startpoint: u346633 (rising edge-triggered flip-flop clocked by core_clock)
Endpoint: u344255 (rising edge-triggered flip-flop clocked by core_clock)
Path Group: core_clock
Path Type: min

Fanout     Cap    Slew   Delay    Time   Description
-----------------------------------------------------------------------------
                          0.00    0.00   clock core_clock (rise edge)
                          0.00    0.00   clock source latency
     1   21.08    0.00    0.00    0.00 ^ ap_clk (in)
                                         ap_clk (net)
                 36.56   11.53   11.53 ^ wire60394/A (BUFx12f_ASAP7_75t_R)
     1   19.42   15.26   19.23   30.77 ^ wire60394/Y (BUFx12f_ASAP7_75t_R)
                                         net60353 (net)
                 44.24   13.32   44.09 ^ wire60393/A (BUFx12f_ASAP7_75t_R)
     1   20.65   15.77   20.36   64.45 ^ wire60393/Y (BUFx12f_ASAP7_75t_R)
                                         net60352 (net)
                 49.37   14.98   79.43 ^ wire60392/A (BUFx12f_ASAP7_75t_R)
     1   20.69   15.93   20.98  100.41 ^ wire60392/Y (BUFx12f_ASAP7_75t_R)
                                         net60351 (net)
                 49.32   14.94  115.34 ^ wire60391/A (BUFx12f_ASAP7_75t_R)
     1   20.69   15.90   20.97  136.32 ^ wire60391/Y (BUFx12f_ASAP7_75t_R)
                                         net60350 (net)
                 49.37   14.96  151.27 ^ clkbuf_0_ap_clk/A (BUFx24_ASAP7_75t_R)
     2   16.57   13.93   28.94  180.22 ^ clkbuf_0_ap_clk/Y (BUFx24_ASAP7_75t_R)
                                         clknet_0_ap_clk (net)
                 17.42    3.57  183.79 ^ clkbuf_1_1_0_ap_clk/A (BUFx24_ASAP7_75t_R)
     1    9.76    9.30   20.50  204.29 ^ clkbuf_1_1_0_ap_clk/Y (BUFx24_ASAP7_75t_R)
                                         clknet_1_1_0_ap_clk (net)
                 15.23    3.96  208.25 ^ clkbuf_1_1_1_ap_clk/A (BUFx24_ASAP7_75t_R)
     1    9.48    9.13   19.83  228.08 ^ clkbuf_1_1_1_ap_clk/Y (BUFx24_ASAP7_75t_R)
                                         clknet_1_1_1_ap_clk (net)
                 15.44    4.11  232.19 ^ clkbuf_1_1_2_ap_clk/A (BUFx24_ASAP7_75t_R)
     2   15.00   11.95   20.34  252.53 ^ clkbuf_1_1_2_ap_clk/Y (BUFx24_ASAP7_75t_R)
                                         clknet_1_1_2_ap_clk (net)
                 19.53    4.97  257.50 ^ clkbuf_2_2_0_ap_clk/A (BUFx24_ASAP7_75t_R)
     1   10.70    9.63   21.27  278.78 ^ clkbuf_2_2_0_ap_clk/Y (BUFx24_ASAP7_75t_R)
                                         clknet_2_2_0_ap_clk (net)
                 16.15    4.26  283.03 ^ clkbuf_2_2_1_ap_clk/A (BUFx24_ASAP7_75t_R)
     1   10.80    9.59   20.27  303.30 ^ clkbuf_2_2_1_ap_clk/Y (BUFx24_ASAP7_75t_R)
                                         clknet_2_2_1_ap_clk (net)
                 16.45    4.36  307.66 ^ clkbuf_2_2_2_ap_clk/A (BUFx24_ASAP7_75t_R)
     2    9.69    9.53   20.37  328.03 ^ clkbuf_2_2_2_ap_clk/Y (BUFx24_ASAP7_75t_R)
                                         clknet_2_2_2_ap_clk (net)
                 11.56    2.08  330.11 ^ clkbuf_3_4_0_ap_clk/A (BUFx24_ASAP7_75t_R)
     1    9.44    9.09   18.71  348.82 ^ clkbuf_3_4_0_ap_clk/Y (BUFx24_ASAP7_75t_R)
                                         clknet_3_4_0_ap_clk (net)
                 15.07    3.95  352.77 ^ clkbuf_3_4_1_ap_clk/A (BUFx24_ASAP7_75t_R)
     2   14.58   11.90   20.29  373.06 ^ clkbuf_3_4_1_ap_clk/Y (BUFx24_ASAP7_75t_R)
                                         clknet_3_4_1_ap_clk (net)
                 17.68    4.30  377.35 ^ clkbuf_4_9_0_ap_clk/A (BUFx24_ASAP7_75t_R)
     1   10.02    9.38   20.62  397.97 ^ clkbuf_4_9_0_ap_clk/Y (BUFx24_ASAP7_75t_R)
                                         clknet_4_9_0_ap_clk (net)
                 15.52    4.06  402.03 ^ clkbuf_4_9_1_ap_clk/A (BUFx24_ASAP7_75t_R)
     2   15.17   12.28   20.71  422.74 ^ clkbuf_4_9_1_ap_clk/Y (BUFx24_ASAP7_75t_R)
                                         clknet_4_9_1_ap_clk (net)
                 16.56    3.74  426.48 ^ clkbuf_5_18_0_ap_clk/A (BUFx24_ASAP7_75t_R)
     2   16.27   12.88   21.12  447.60 ^ clkbuf_5_18_0_ap_clk/Y (BUFx24_ASAP7_75t_R)
                                         clknet_5_18_0_ap_clk (net)
                 17.25    3.87  451.47 ^ clkbuf_6_37_0_ap_clk/A (BUFx24_ASAP7_75t_R)
     4   19.68   14.69   21.62  473.09 ^ clkbuf_6_37_0_ap_clk/Y (BUFx24_ASAP7_75t_R)
                                         clknet_6_37_0_ap_clk (net)
                 19.66    4.40  477.49 ^ clkbuf_8_149_0_ap_clk/A (BUFx24_ASAP7_75t_R)
     2    6.98    8.75   21.04  498.52 ^ clkbuf_8_149_0_ap_clk/Y (BUFx24_ASAP7_75t_R)
                                         clknet_8_149_0_ap_clk (net)
                  9.46    1.29  499.81 ^ clkbuf_9_299__f_ap_clk/A (BUFx24_ASAP7_75t_R)
     9   24.95   17.24   20.22  520.03 ^ clkbuf_9_299__f_ap_clk/Y (BUFx24_ASAP7_75t_R)
                                         clknet_9_299__leaf_ap_clk (net)
                 21.36    4.37  524.40 ^ clkbuf_leaf_413_ap_clk/A (BUFx24_ASAP7_75t_R)
    21   13.74   11.83   22.29  546.70 ^ clkbuf_leaf_413_ap_clk/Y (BUFx24_ASAP7_75t_R)
                                         clknet_leaf_413_ap_clk (net)
                 13.11    1.89  548.59 ^ u346633/CLK (DFFHQNx1_ASAP7_75t_R)
     1    0.76   12.60   36.30  584.89 ^ u346633/QN (DFFHQNx1_ASAP7_75t_R)
                                         uacc_section14_allocator_udiv_144ns_128ns_144_148_1_U52.uacc_section14_allocator_uacc_section14_allocator_udiv_144ns_128ns_144_148_1_div_U.uacc_section14_allocator_uacc_section14_allocator_udiv_144ns_128ns_144_148_1_div_u_0.dividend_tmp[9067] (net)
                 12.60    0.07  584.96 ^ hold60544/A (BUFx2_ASAP7_75t_R)
     1    0.61    5.30   13.76  598.72 ^ hold60544/Y (BUFx2_ASAP7_75t_R)
                                         net60503 (net)
                  5.30    0.03  598.75 ^ u346634/A (INVx1_ASAP7_75t_R)
     1    0.75    5.49    4.81  603.56 v u346634/Y (INVx1_ASAP7_75t_R)
                                         n262860 (net)
                  5.49    0.07  603.63 v u344255/D (DFFHQNx1_ASAP7_75t_R)
                                603.63   data arrival time

                          0.00    0.00   clock core_clock (rise edge)
                          0.00    0.00   clock source latency
     1   21.62    0.00    0.00    0.00 ^ ap_clk (in)
                                         ap_clk (net)
                 38.39   12.11   12.11 ^ wire60394/A (BUFx12f_ASAP7_75t_R)
     1   19.95   15.53   19.56   31.67 ^ wire60394/Y (BUFx12f_ASAP7_75t_R)
                                         net60353 (net)
                 46.15   13.94   45.61 ^ wire60393/A (BUFx12f_ASAP7_75t_R)
     1   21.18   15.99   20.59   66.20 ^ wire60393/Y (BUFx12f_ASAP7_75t_R)
                                         net60352 (net)
                 51.40   15.64   81.84 ^ wire60392/A (BUFx12f_ASAP7_75t_R)
     1   21.23   16.16   21.22  103.06 ^ wire60392/Y (BUFx12f_ASAP7_75t_R)
                                         net60351 (net)
                 51.34   15.59  118.65 ^ wire60391/A (BUFx12f_ASAP7_75t_R)
     1   21.29   16.15   21.21  139.86 ^ wire60391/Y (BUFx12f_ASAP7_75t_R)
                                         net60350 (net)
                 51.65   15.69  155.55 ^ clkbuf_0_ap_clk/A (BUFx24_ASAP7_75t_R)
     2   17.78   14.57   29.44  185.00 ^ clkbuf_0_ap_clk/Y (BUFx24_ASAP7_75t_R)
                                         clknet_0_ap_clk (net)
                 18.57    3.92  188.92 ^ clkbuf_1_1_0_ap_clk/A (BUFx24_ASAP7_75t_R)
     1   10.36    9.44   20.87  209.79 ^ clkbuf_1_1_0_ap_clk/Y (BUFx24_ASAP7_75t_R)
                                         clknet_1_1_0_ap_clk (net)
                 16.24    4.28  214.07 ^ clkbuf_1_1_1_ap_clk/A (BUFx24_ASAP7_75t_R)
     1   10.08    9.25   20.16  234.23 ^ clkbuf_1_1_1_ap_clk/Y (BUFx24_ASAP7_75t_R)
                                         clknet_1_1_1_ap_clk (net)
                 16.55    4.46  238.70 ^ clkbuf_1_1_2_ap_clk/A (BUFx24_ASAP7_75t_R)
     2   16.20   12.52   20.72  259.42 ^ clkbuf_1_1_2_ap_clk/Y (BUFx24_ASAP7_75t_R)
                                         clknet_1_1_2_ap_clk (net)
                 20.62    5.24  264.66 ^ clkbuf_2_3_0_ap_clk/A (BUFx24_ASAP7_75t_R)
     1   10.70    9.64   21.55  286.22 ^ clkbuf_2_3_0_ap_clk/Y (BUFx24_ASAP7_75t_R)
                                         clknet_2_3_0_ap_clk (net)
                 16.18    4.26  290.47 ^ clkbuf_2_3_1_ap_clk/A (BUFx24_ASAP7_75t_R)
     1    9.96    9.25   20.11  310.58 ^ clkbuf_2_3_1_ap_clk/Y (BUFx24_ASAP7_75t_R)
                                         clknet_2_3_1_ap_clk (net)
                 15.96    4.22  314.81 ^ clkbuf_2_3_2_ap_clk/A (BUFx24_ASAP7_75t_R)
     2   14.08   11.06   20.30  335.11 ^ clkbuf_2_3_2_ap_clk/Y (BUFx24_ASAP7_75t_R)
                                         clknet_2_3_2_ap_clk (net)
                 19.86    5.20  340.31 ^ clkbuf_3_6_0_ap_clk/A (BUFx24_ASAP7_75t_R)
     1    9.77    9.25   21.20  361.51 ^ clkbuf_3_6_0_ap_clk/Y (BUFx24_ASAP7_75t_R)
                                         clknet_3_6_0_ap_clk (net)
                 15.70    4.15  365.66 ^ clkbuf_3_6_1_ap_clk/A (BUFx24_ASAP7_75t_R)
     2   15.71   12.40   20.52  386.17 ^ clkbuf_3_6_1_ap_clk/Y (BUFx24_ASAP7_75t_R)
                                         clknet_3_6_1_ap_clk (net)
                 19.60    4.92  391.09 ^ clkbuf_4_12_0_ap_clk/A (BUFx24_ASAP7_75t_R)
     1   10.49    9.52   21.21  412.31 ^ clkbuf_4_12_0_ap_clk/Y (BUFx24_ASAP7_75t_R)
                                         clknet_4_12_0_ap_clk (net)
                 16.34    4.32  416.63 ^ clkbuf_4_12_1_ap_clk/A (BUFx24_ASAP7_75t_R)
     2   15.40   12.38   20.84  437.47 ^ clkbuf_4_12_1_ap_clk/Y (BUFx24_ASAP7_75t_R)
                                         clknet_4_12_1_ap_clk (net)
                 17.74    4.22  441.69 ^ clkbuf_5_24_0_ap_clk/A (BUFx24_ASAP7_75t_R)
     2   17.26   13.35   21.61  463.30 ^ clkbuf_5_24_0_ap_clk/Y (BUFx24_ASAP7_75t_R)
                                         clknet_5_24_0_ap_clk (net)
                 18.18    4.16  467.46 ^ clkbuf_6_48_0_ap_clk/A (BUFx24_ASAP7_75t_R)
     4   22.14   15.94   22.30  489.76 ^ clkbuf_6_48_0_ap_clk/Y (BUFx24_ASAP7_75t_R)
                                         clknet_6_48_0_ap_clk (net)
                 20.64    4.47  494.23 ^ clkbuf_8_192_0_ap_clk/A (BUFx24_ASAP7_75t_R)
     2    8.07    9.17   21.44  515.67 ^ clkbuf_8_192_0_ap_clk/Y (BUFx24_ASAP7_75t_R)
                                         clknet_8_192_0_ap_clk (net)
                 10.51    1.77  517.45 ^ clkbuf_9_384__f_ap_clk/A (BUFx24_ASAP7_75t_R)
    28   97.74   45.88   22.87  540.32 ^ clkbuf_9_384__f_ap_clk/Y (BUFx24_ASAP7_75t_R)
                                         clknet_9_384__leaf_ap_clk (net)
                 79.17   20.63  560.95 ^ clkbuf_leaf_415_ap_clk/A (BUFx24_ASAP7_75t_R)
    22   18.33   15.93   34.27  595.22 ^ clkbuf_leaf_415_ap_clk/Y (BUFx24_ASAP7_75t_R)
                                         clknet_leaf_415_ap_clk (net)
                 18.27    3.10  598.32 ^ u344255/CLK (DFFHQNx1_ASAP7_75t_R)
                         -6.89  591.42   clock reconvergence pessimism
                         13.17  604.60   library hold time
                                604.60   data required time
-----------------------------------------------------------------------------
                                604.60   data required time
                               -603.63   data arrival time
-----------------------------------------------------------------------------
                                 -0.97   slack (VIOLATED)



==========================================================================
global route report_checks -path_delay max
--------------------------------------------------------------------------
Startpoint: u336116 (rising edge-triggered flip-flop clocked by core_clock)
Endpoint: u316927 (rising edge-triggered flip-flop clocked by core_clock)
Path Group: core_clock
Path Type: max

Fanout     Cap    Slew   Delay    Time   Description
-----------------------------------------------------------------------------
                          0.00    0.00   clock core_clock (rise edge)
                          0.00    0.00   clock source latency
     1   21.62    0.00    0.00    0.00 ^ ap_clk (in)
                                         ap_clk (net)
                 38.39   12.11   12.11 ^ wire60394/A (BUFx12f_ASAP7_75t_R)
     1   19.95   15.53   19.56   31.67 ^ wire60394/Y (BUFx12f_ASAP7_75t_R)
                                         net60353 (net)
                 46.15   13.94   45.61 ^ wire60393/A (BUFx12f_ASAP7_75t_R)
     1   21.18   15.99   20.59   66.20 ^ wire60393/Y (BUFx12f_ASAP7_75t_R)
                                         net60352 (net)
                 51.40   15.64   81.84 ^ wire60392/A (BUFx12f_ASAP7_75t_R)
     1   21.23   16.16   21.22  103.06 ^ wire60392/Y (BUFx12f_ASAP7_75t_R)
                                         net60351 (net)
                 51.34   15.59  118.65 ^ wire60391/A (BUFx12f_ASAP7_75t_R)
     1   21.29   16.15   21.21  139.86 ^ wire60391/Y (BUFx12f_ASAP7_75t_R)
                                         net60350 (net)
                 51.65   15.69  155.55 ^ clkbuf_0_ap_clk/A (BUFx24_ASAP7_75t_R)
     2   17.78   14.57   29.44  185.00 ^ clkbuf_0_ap_clk/Y (BUFx24_ASAP7_75t_R)
                                         clknet_0_ap_clk (net)
                 18.57    3.92  188.92 ^ clkbuf_1_1_0_ap_clk/A (BUFx24_ASAP7_75t_R)
     1   10.36    9.44   20.87  209.79 ^ clkbuf_1_1_0_ap_clk/Y (BUFx24_ASAP7_75t_R)
                                         clknet_1_1_0_ap_clk (net)
                 16.24    4.28  214.07 ^ clkbuf_1_1_1_ap_clk/A (BUFx24_ASAP7_75t_R)
     1   10.08    9.25   20.16  234.23 ^ clkbuf_1_1_1_ap_clk/Y (BUFx24_ASAP7_75t_R)
                                         clknet_1_1_1_ap_clk (net)
                 16.55    4.46  238.70 ^ clkbuf_1_1_2_ap_clk/A (BUFx24_ASAP7_75t_R)
     2   16.20   12.52   20.72  259.42 ^ clkbuf_1_1_2_ap_clk/Y (BUFx24_ASAP7_75t_R)
                                         clknet_1_1_2_ap_clk (net)
                 20.62    5.24  264.66 ^ clkbuf_2_3_0_ap_clk/A (BUFx24_ASAP7_75t_R)
     1   10.70    9.64   21.55  286.22 ^ clkbuf_2_3_0_ap_clk/Y (BUFx24_ASAP7_75t_R)
                                         clknet_2_3_0_ap_clk (net)
                 16.18    4.26  290.47 ^ clkbuf_2_3_1_ap_clk/A (BUFx24_ASAP7_75t_R)
     1    9.96    9.25   20.11  310.58 ^ clkbuf_2_3_1_ap_clk/Y (BUFx24_ASAP7_75t_R)
                                         clknet_2_3_1_ap_clk (net)
                 15.96    4.22  314.81 ^ clkbuf_2_3_2_ap_clk/A (BUFx24_ASAP7_75t_R)
     2   14.08   11.06   20.30  335.11 ^ clkbuf_2_3_2_ap_clk/Y (BUFx24_ASAP7_75t_R)
                                         clknet_2_3_2_ap_clk (net)
                 19.86    5.20  340.31 ^ clkbuf_3_6_0_ap_clk/A (BUFx24_ASAP7_75t_R)
     1    9.77    9.25   21.20  361.51 ^ clkbuf_3_6_0_ap_clk/Y (BUFx24_ASAP7_75t_R)
                                         clknet_3_6_0_ap_clk (net)
                 15.70    4.15  365.66 ^ clkbuf_3_6_1_ap_clk/A (BUFx24_ASAP7_75t_R)
     2   15.71   12.40   20.52  386.17 ^ clkbuf_3_6_1_ap_clk/Y (BUFx24_ASAP7_75t_R)
                                         clknet_3_6_1_ap_clk (net)
                 19.60    4.92  391.09 ^ clkbuf_4_12_0_ap_clk/A (BUFx24_ASAP7_75t_R)
     1   10.49    9.52   21.21  412.31 ^ clkbuf_4_12_0_ap_clk/Y (BUFx24_ASAP7_75t_R)
                                         clknet_4_12_0_ap_clk (net)
                 16.34    4.32  416.63 ^ clkbuf_4_12_1_ap_clk/A (BUFx24_ASAP7_75t_R)
     2   15.40   12.38   20.84  437.47 ^ clkbuf_4_12_1_ap_clk/Y (BUFx24_ASAP7_75t_R)
                                         clknet_4_12_1_ap_clk (net)
                 17.74    4.22  441.69 ^ clkbuf_5_24_0_ap_clk/A (BUFx24_ASAP7_75t_R)
     2   17.26   13.35   21.61  463.30 ^ clkbuf_5_24_0_ap_clk/Y (BUFx24_ASAP7_75t_R)
                                         clknet_5_24_0_ap_clk (net)
                 18.18    4.16  467.46 ^ clkbuf_6_48_0_ap_clk/A (BUFx24_ASAP7_75t_R)
     4   22.14   15.94   22.30  489.76 ^ clkbuf_6_48_0_ap_clk/Y (BUFx24_ASAP7_75t_R)
                                         clknet_6_48_0_ap_clk (net)
                 20.64    4.47  494.23 ^ clkbuf_8_192_0_ap_clk/A (BUFx24_ASAP7_75t_R)
     2    8.07    9.17   21.44  515.67 ^ clkbuf_8_192_0_ap_clk/Y (BUFx24_ASAP7_75t_R)
                                         clknet_8_192_0_ap_clk (net)
                 10.51    1.77  517.45 ^ clkbuf_9_384__f_ap_clk/A (BUFx24_ASAP7_75t_R)
    28   97.74   45.88   22.87  540.32 ^ clkbuf_9_384__f_ap_clk/Y (BUFx24_ASAP7_75t_R)
                                         clknet_9_384__leaf_ap_clk (net)
                 79.60   20.82  561.14 ^ clkbuf_leaf_425_ap_clk/A (BUFx24_ASAP7_75t_R)
    23   18.66   16.11   34.41  595.54 ^ clkbuf_leaf_425_ap_clk/Y (BUFx24_ASAP7_75t_R)
                                         clknet_leaf_425_ap_clk (net)
                 18.32    3.03  598.57 ^ u336116/CLK (DFFHQNx1_ASAP7_75t_R)
     2    1.42   17.15   39.45  638.03 v u336116/QN (DFFHQNx1_ASAP7_75t_R)
                                         uacc_section14_allocator_udiv_144ns_128ns_144_148_1_U52.uacc_section14_allocator_uacc_section14_allocator_udiv_144ns_128ns_144_148_1_div_U.uacc_section14_allocator_uacc_section14_allocator_udiv_144ns_128ns_144_148_1_div_u_0.divisor_tmp[7424] (net)
                 17.15    0.08  638.10 v u336117/A (INVx1_ASAP7_75t_R)
     2    1.60   14.08   11.17  649.27 ^ u336117/Y (INVx1_ASAP7_75t_R)
                                         n238715 (net)
                 14.09    0.15  649.42 ^ u336119/A (OR2x2_ASAP7_75t_R)
     2    2.18   10.27   18.16  667.58 ^ u336119/Y (OR2x2_ASAP7_75t_R)
                                         n256952 (net)
                 10.28    0.22  667.80 ^ u336123/A (MAJx2_ASAP7_75t_R)
     2    2.71   13.44   20.41  688.21 ^ u336123/Y (MAJx2_ASAP7_75t_R)
                                         n256955 (net)
                 13.46    0.29  688.50 ^ u336127/A (MAJx2_ASAP7_75t_R)
     2    2.31   12.24   20.66  709.16 ^ u336127/Y (MAJx2_ASAP7_75t_R)
                                         n256958 (net)
                 12.26    0.21  709.37 ^ u336131/A (MAJx2_ASAP7_75t_R)
     2    2.10   11.51   19.99  729.35 ^ u336131/Y (MAJx2_ASAP7_75t_R)
                                         n256961 (net)
                 11.52    0.12  729.47 ^ u336135/A (MAJx2_ASAP7_75t_R)
     2    2.18   11.79   19.87  749.34 ^ u336135/Y (MAJx2_ASAP7_75t_R)
                                         n256964 (net)
                 11.80    0.24  749.58 ^ u336139/A (MAJx2_ASAP7_75t_R)
     2    2.50   12.87   20.48  770.05 ^ u336139/Y (MAJx2_ASAP7_75t_R)
                                         n256967 (net)
                 12.91    0.38  770.43 ^ u336143/A (MAJx2_ASAP7_75t_R)
     2    2.42   12.61   20.65  791.09 ^ u336143/Y (MAJx2_ASAP7_75t_R)
                                         n256970 (net)
                 12.64    0.33  791.42 ^ u336147/A (MAJx2_ASAP7_75t_R)
     2    2.44   12.68   20.61  812.03 ^ u336147/Y (MAJx2_ASAP7_75t_R)
                                         n256973 (net)
                 12.71    0.35  812.38 ^ u336151/A (MAJx2_ASAP7_75t_R)
     2    5.42   22.89   24.38  836.76 ^ u336151/Y (MAJx2_ASAP7_75t_R)
                                         n256976 (net)
                 23.96    2.67  839.42 ^ u336155/A (MAJx2_ASAP7_75t_R)
     2    2.87   14.04   24.26  863.68 ^ u336155/Y (MAJx2_ASAP7_75t_R)
                                         n256979 (net)
                 14.10    0.49  864.17 ^ u336159/A (MAJx2_ASAP7_75t_R)
     2    3.72   17.08   22.83  887.01 ^ u336159/Y (MAJx2_ASAP7_75t_R)
                                         n256982 (net)
                 17.34    1.15  888.16 ^ u336160/B (OA21x2_ASAP7_75t_R)
     1    1.35    8.87   18.27  906.43 ^ u336160/Y (OA21x2_ASAP7_75t_R)
                                         n256983 (net)
                  8.88    0.07  906.49 ^ u336161/B (AOI21x1_ASAP7_75t_R)
     2    2.36   18.89    9.37  915.86 v u336161/Y (AOI21x1_ASAP7_75t_R)
                                         n256984 (net)
                 18.90    0.31  916.16 v u336162/B (NOR2x1_ASAP7_75t_R)
     2    1.58   15.47   12.05  928.21 ^ u336162/Y (NOR2x1_ASAP7_75t_R)
                                         n256985 (net)
                 15.47    0.06  928.27 ^ u336163/B (AO21x1_ASAP7_75t_R)
     2    2.42   18.15   17.69  945.96 ^ u336163/Y (AO21x1_ASAP7_75t_R)
                                         n256986 (net)
                 18.16    0.30  946.26 ^ u336167/A (MAJx2_ASAP7_75t_R)
     2    2.43   12.65   22.20  968.46 ^ u336167/Y (MAJx2_ASAP7_75t_R)
                                         n256989 (net)
                 12.68    0.29  968.76 ^ u336171/A (MAJx2_ASAP7_75t_R)
     2    3.00   14.52   21.49  990.25 ^ u336171/Y (MAJx2_ASAP7_75t_R)
                                         n256992 (net)
                 14.60    0.62  990.87 ^ u336175/A (MAJx2_ASAP7_75t_R)
     2    2.25   12.06   20.88 1011.75 ^ u336175/Y (MAJx2_ASAP7_75t_R)
                                         n256995 (net)
                 12.08    0.24 1011.99 ^ u336179/A (MAJx2_ASAP7_75t_R)
     2    3.39   15.88   21.82 1033.81 ^ u336179/Y (MAJx2_ASAP7_75t_R)
                                         n256998 (net)
                 16.07    0.94 1034.75 ^ u336183/A (MAJx2_ASAP7_75t_R)
     2    2.61   13.28   21.87 1056.62 ^ u336183/Y (MAJx2_ASAP7_75t_R)
                                         n257001 (net)
                 13.33    0.41 1057.03 ^ u336187/A (MAJx2_ASAP7_75t_R)
     2    2.78   13.79   21.34 1078.36 ^ u336187/Y (MAJx2_ASAP7_75t_R)
                                         n257004 (net)
                 13.86    0.55 1078.92 ^ u336188/B (OA21x2_ASAP7_75t_R)
     1    1.42    9.16   17.77 1096.69 ^ u336188/Y (OA21x2_ASAP7_75t_R)
                                         n257005 (net)
                  9.16    0.08 1096.77 ^ u336189/B (AOI21x1_ASAP7_75t_R)
     2    2.41   19.44    9.53 1106.30 v u336189/Y (AOI21x1_ASAP7_75t_R)
                                         n257006 (net)
                 19.45    0.34 1106.64 v u336190/B (NOR2x1_ASAP7_75t_R)
     2    1.65   15.98   12.38 1119.02 ^ u336190/Y (NOR2x1_ASAP7_75t_R)
                                         n257007 (net)
                 15.98    0.09 1119.11 ^ u336191/B (AO21x1_ASAP7_75t_R)
     2    2.58   19.13   18.16 1137.27 ^ u336191/Y (AO21x1_ASAP7_75t_R)
                                         n257008 (net)
                 19.15    0.43 1137.70 ^ u336195/A (MAJx2_ASAP7_75t_R)
     2    2.55   13.08   22.66 1160.36 ^ u336195/Y (MAJx2_ASAP7_75t_R)
                                         n257011 (net)
                 13.13    0.40 1160.76 ^ u336199/A (MAJx2_ASAP7_75t_R)
     2    2.56   13.02   20.96 1181.72 ^ u336199/Y (MAJx2_ASAP7_75t_R)
                                         n257014 (net)
                 13.06    0.38 1182.10 ^ u336203/A (MAJx2_ASAP7_75t_R)
     2    2.33   12.32   20.56 1202.66 ^ u336203/Y (MAJx2_ASAP7_75t_R)
                                         n257017 (net)
                 12.34    0.28 1202.94 ^ u336207/A (MAJx2_ASAP7_75t_R)
     2    2.42   12.61   20.50 1223.44 ^ u336207/Y (MAJx2_ASAP7_75t_R)
                                         n257020 (net)
                 12.63    0.32 1223.76 ^ u336211/A (MAJx2_ASAP7_75t_R)
     2    2.31   12.24   20.41 1244.17 ^ u336211/Y (MAJx2_ASAP7_75t_R)
                                         n257023 (net)
                 12.26    0.26 1244.43 ^ u336215/A (MAJx2_ASAP7_75t_R)
     2    2.17   11.83   20.07 1264.50 ^ u336215/Y (MAJx2_ASAP7_75t_R)
                                         n257026 (net)
                 11.84    0.21 1264.71 ^ u336216/B (OA21x2_ASAP7_75t_R)
     1    1.44    9.17   17.44 1282.14 ^ u336216/Y (OA21x2_ASAP7_75t_R)
                                         n257027 (net)
                  9.17    0.09 1282.23 ^ u336217/B (AOI21x1_ASAP7_75t_R)
     2    2.79   20.80   10.24 1292.47 v u336217/Y (AOI21x1_ASAP7_75t_R)
                                         n257028 (net)
                 20.82    0.33 1292.80 v u336219/B (MAJx2_ASAP7_75t_R)
     2    2.93   12.71   27.61 1320.41 v u336219/Y (MAJx2_ASAP7_75t_R)
                                         n257030 (net)
                 12.74    0.29 1320.70 v u336222/B (MAJx2_ASAP7_75t_R)
     2    2.92   13.11   25.19 1345.89 v u336222/Y (MAJx2_ASAP7_75t_R)
                                         n257033 (net)
                 13.15    0.43 1346.32 v u336224/B (MAJx2_ASAP7_75t_R)
     2    2.65   12.05   24.93 1371.25 v u336224/Y (MAJx2_ASAP7_75t_R)
                                         n257035 (net)
                 12.06    0.22 1371.48 v u336227/B (MAJx2_ASAP7_75t_R)
     2    2.95   13.29   25.03 1396.51 v u336227/Y (MAJx2_ASAP7_75t_R)
                                         n257038 (net)
                 13.33    0.42 1396.93 v u336229/B (MAJx2_ASAP7_75t_R)
     2    2.97   12.92   25.45 1422.39 v u336229/Y (MAJx2_ASAP7_75t_R)
                                         n257040 (net)
                 12.96    0.40 1422.78 v u336232/B (MAJx2_ASAP7_75t_R)
     2    3.06   13.64   25.45 1448.23 v u336232/Y (MAJx2_ASAP7_75t_R)
                                         n257043 (net)
                 13.70    0.49 1448.72 v u336234/B (MAJx2_ASAP7_75t_R)
     2    2.85   12.54   25.39 1474.11 v u336234/Y (MAJx2_ASAP7_75t_R)
                                         n257045 (net)
                 12.57    0.31 1474.42 v u336237/B (MAJx2_ASAP7_75t_R)
     2    2.84   12.88   25.01 1499.44 v u336237/Y (MAJx2_ASAP7_75t_R)
                                         n257048 (net)
                 12.92    0.38 1499.82 v u336239/B (MAJx2_ASAP7_75t_R)
     2    3.17   13.61   25.59 1525.40 v u336239/Y (MAJx2_ASAP7_75t_R)
                                         n257050 (net)
                 13.68    0.51 1525.91 v u336242/B (MAJx2_ASAP7_75t_R)
     2    2.88   13.05   25.36 1551.27 v u336242/Y (MAJx2_ASAP7_75t_R)
                                         n257053 (net)
                 13.10    0.46 1551.73 v u336244/B (MAJx2_ASAP7_75t_R)
     2    2.92   12.76   25.34 1577.07 v u336244/Y (MAJx2_ASAP7_75t_R)
                                         n257055 (net)
                 12.78    0.30 1577.37 v u336247/B (MAJx2_ASAP7_75t_R)
     2    2.60   12.26   24.70 1602.07 v u336247/Y (MAJx2_ASAP7_75t_R)
                                         n257058 (net)
                 12.28    0.27 1602.34 v u336249/B (MAJx2_ASAP7_75t_R)
     2    3.23   13.75   25.51 1627.85 v u336249/Y (MAJx2_ASAP7_75t_R)
                                         n257060 (net)
                 13.80    0.45 1628.30 v u336252/B (MAJx2_ASAP7_75t_R)
     2    2.54   12.14   24.90 1653.20 v u336252/Y (MAJx2_ASAP7_75t_R)
                                         n257063 (net)
                 12.16    0.27 1653.46 v u336254/B (MAJx2_ASAP7_75t_R)
     2    2.80   12.43   24.86 1678.33 v u336254/Y (MAJx2_ASAP7_75t_R)
                                         n257065 (net)
                 12.46    0.28 1678.61 v u336257/B (MAJx2_ASAP7_75t_R)
     2    2.89   13.07   25.05 1703.66 v u336257/Y (MAJx2_ASAP7_75t_R)
                                         n257068 (net)
                 13.12    0.41 1704.07 v u336259/B (MAJx2_ASAP7_75t_R)
     2    2.78   12.37   25.13 1729.20 v u336259/Y (MAJx2_ASAP7_75t_R)
                                         n257070 (net)
                 12.38    0.24 1729.44 v u336262/B (MAJx2_ASAP7_75t_R)
     2    3.00   13.29   25.22 1754.66 v u336262/Y (MAJx2_ASAP7_75t_R)
                                         n257073 (net)
                 13.33    0.42 1755.08 v u336264/B (MAJx2_ASAP7_75t_R)
     2    2.85   12.48   25.36 1780.44 v u336264/Y (MAJx2_ASAP7_75t_R)
                                         n257075 (net)
                 12.49    0.19 1780.63 v u336267/B (MAJx2_ASAP7_75t_R)
     2    2.21   11.31   23.95 1804.59 v u336267/Y (MAJx2_ASAP7_75t_R)
                                         n257078 (net)
                 11.33    0.25 1804.84 v u336268/B (NOR2x1_ASAP7_75t_R)
     2    1.57   13.48   10.08 1814.91 ^ u336268/Y (NOR2x1_ASAP7_75t_R)
                                         n257079 (net)
                 13.48    0.06 1814.97 ^ u336269/B (AO21x1_ASAP7_75t_R)
     2    2.14   16.50   16.52 1831.49 ^ u336269/Y (AO21x1_ASAP7_75t_R)
                                         n257080 (net)
                 16.50    0.21 1831.69 ^ u336273/A (MAJx2_ASAP7_75t_R)
     3    3.39   15.65   23.25 1854.94 ^ u336273/Y (MAJx2_ASAP7_75t_R)
                                         n257083 (net)
                 15.71    0.50 1855.44 ^ u336285/A1 (OAI21x1_ASAP7_75t_R)
     2    2.78   17.26   11.80 1867.24 v u336285/Y (OAI21x1_ASAP7_75t_R)
                                         n257093 (net)
                 17.29    0.40 1867.63 v u336287/B (MAJx2_ASAP7_75t_R)
     2    2.96   12.91   26.59 1894.22 v u336287/Y (MAJx2_ASAP7_75t_R)
                                         n257095 (net)
                 12.95    0.39 1894.62 v u336290/B (MAJx2_ASAP7_75t_R)
     2    2.84   12.87   25.12 1919.74 v u336290/Y (MAJx2_ASAP7_75t_R)
                                         n257098 (net)
                 12.91    0.39 1920.13 v u336292/B (MAJx2_ASAP7_75t_R)
     2    3.24   13.76   25.70 1945.83 v u336292/Y (MAJx2_ASAP7_75t_R)
                                         n257100 (net)
                 13.80    0.41 1946.24 v u336295/B (MAJx2_ASAP7_75t_R)
     2    2.57   12.19   24.96 1971.19 v u336295/Y (MAJx2_ASAP7_75t_R)
                                         n257103 (net)
                 12.21    0.27 1971.46 v u336297/B (MAJx2_ASAP7_75t_R)
     2    2.71   12.20   24.72 1996.19 v u336297/Y (MAJx2_ASAP7_75t_R)
                                         n257105 (net)
                 12.23    0.28 1996.47 v u336300/B (MAJx2_ASAP7_75t_R)
     2    2.65   12.43   24.63 2021.10 v u336300/Y (MAJx2_ASAP7_75t_R)
                                         n257108 (net)
                 12.45    0.28 2021.38 v u336302/B (MAJx2_ASAP7_75t_R)
     2    2.87   12.64   25.05 2046.43 v u336302/Y (MAJx2_ASAP7_75t_R)
                                         n257110 (net)
                 12.67    0.35 2046.78 v u336305/B (MAJx2_ASAP7_75t_R)
     2    2.46   11.95   24.43 2071.22 v u336305/Y (MAJx2_ASAP7_75t_R)
                                         n257113 (net)
                 11.97    0.25 2071.47 v u336307/B (MAJx2_ASAP7_75t_R)
     2    2.88   12.66   24.90 2096.37 v u336307/Y (MAJx2_ASAP7_75t_R)
                                         n257115 (net)
                 12.69    0.35 2096.72 v u336310/B (MAJx2_ASAP7_75t_R)
     2    2.71   12.53   24.85 2121.58 v u336310/Y (MAJx2_ASAP7_75t_R)
                                         n257118 (net)
                 12.57    0.33 2121.91 v u336312/B (MAJx2_ASAP7_75t_R)
     2    2.76   12.36   24.90 2146.81 v u336312/Y (MAJx2_ASAP7_75t_R)
                                         n257120 (net)
                 12.38    0.31 2147.12 v u336315/B (MAJx2_ASAP7_75t_R)
     2    2.63   12.36   24.62 2171.75 v u336315/Y (MAJx2_ASAP7_75t_R)
                                         n257123 (net)
                 12.39    0.32 2172.06 v u336317/B (MAJx2_ASAP7_75t_R)
     2    3.15   13.55   25.41 2197.47 v u336317/Y (MAJx2_ASAP7_75t_R)
                                         n257125 (net)
                 13.61    0.49 2197.96 v u336320/B (MAJx2_ASAP7_75t_R)
     2    2.69   12.47   25.08 2223.04 v u336320/Y (MAJx2_ASAP7_75t_R)
                                         n257128 (net)
                 12.50    0.31 2223.35 v u336322/B (MAJx2_ASAP7_75t_R)
     2    2.98   12.96   25.22 2248.57 v u336322/Y (MAJx2_ASAP7_75t_R)
                                         n257130 (net)
                 13.01    0.41 2248.98 v u336325/B (MAJx2_ASAP7_75t_R)
     2    2.77   12.66   25.02 2273.99 v u336325/Y (MAJx2_ASAP7_75t_R)
                                         n257133 (net)
                 12.70    0.37 2274.36 v u336327/B (MAJx2_ASAP7_75t_R)
     2    2.97   12.99   25.26 2299.62 v u336327/Y (MAJx2_ASAP7_75t_R)
                                         n257135 (net)
                 13.04    0.42 2300.03 v u336330/B (MAJx2_ASAP7_75t_R)
     2    2.83   12.86   25.11 2325.14 v u336330/Y (MAJx2_ASAP7_75t_R)
                                         n257138 (net)
                 12.90    0.41 2325.55 v u336332/B (MAJx2_ASAP7_75t_R)
     2    3.18   13.63   25.59 2351.15 v u336332/Y (MAJx2_ASAP7_75t_R)
                                         n257140 (net)
                 13.70    0.51 2351.65 v u336335/B (MAJx2_ASAP7_75t_R)
     2    2.93   13.25   25.46 2377.11 v u336335/Y (MAJx2_ASAP7_75t_R)
                                         n257143 (net)
                 13.30    0.47 2377.58 v u336337/B (MAJx2_ASAP7_75t_R)
     2    2.86   12.54   25.31 2402.89 v u336337/Y (MAJx2_ASAP7_75t_R)
                                         n257145 (net)
                 12.56    0.26 2403.15 v u336340/B (MAJx2_ASAP7_75t_R)
     2    3.11   13.83   25.38 2428.53 v u336340/Y (MAJx2_ASAP7_75t_R)
                                         n257148 (net)
                 13.90    0.56 2429.09 v u336342/B (MAJx2_ASAP7_75t_R)
     2    3.22   13.80   25.92 2455.01 v u336342/Y (MAJx2_ASAP7_75t_R)
                                         n257150 (net)
                 13.87    0.55 2455.55 v u336345/B (MAJx2_ASAP7_75t_R)
     2    2.78   12.66   25.31 2480.86 v u336345/Y (MAJx2_ASAP7_75t_R)
                                         n257153 (net)
                 12.69    0.34 2481.20 v u336347/B (MAJx2_ASAP7_75t_R)
     2    3.09   13.26   25.43 2506.63 v u336347/Y (MAJx2_ASAP7_75t_R)
                                         n257155 (net)
                 13.31    0.43 2507.06 v u336350/B (MAJx2_ASAP7_75t_R)
     2    2.70   12.45   25.01 2532.07 v u336350/Y (MAJx2_ASAP7_75t_R)
                                         n257158 (net)
                 12.48    0.32 2532.39 v u336352/B (MAJx2_ASAP7_75t_R)
     2    3.20   13.74   25.48 2557.87 v u336352/Y (MAJx2_ASAP7_75t_R)
                                         n257160 (net)
                 13.81    0.54 2558.42 v u336355/B (MAJx2_ASAP7_75t_R)
     2    2.70   12.49   25.15 2583.56 v u336355/Y (MAJx2_ASAP7_75t_R)
                                         n257163 (net)
                 12.52    0.32 2583.88 v u336357/B (MAJx2_ASAP7_75t_R)
     2    3.01   13.12   25.25 2609.14 v u336357/Y (MAJx2_ASAP7_75t_R)
                                         n257165 (net)
                 13.17    0.44 2609.58 v u336360/B (MAJx2_ASAP7_75t_R)
     2    2.68   12.43   24.95 2634.53 v u336360/Y (MAJx2_ASAP7_75t_R)
                                         n257168 (net)
                 12.45    0.31 2634.84 v u336362/B (MAJx2_ASAP7_75t_R)
     2    2.93   12.81   25.14 2659.98 v u336362/Y (MAJx2_ASAP7_75t_R)
                                         n257170 (net)
                 12.83    0.33 2660.31 v u336365/B (MAJx2_ASAP7_75t_R)
     2    2.59   12.20   24.70 2685.02 v u336365/Y (MAJx2_ASAP7_75t_R)
                                         n257173 (net)
                 12.22    0.25 2685.27 v u336367/B (MAJx2_ASAP7_75t_R)
     2    2.98   13.06   25.11 2710.38 v u336367/Y (MAJx2_ASAP7_75t_R)
                                         n257175 (net)
                 13.11    0.46 2710.84 v u336370/B (MAJx2_ASAP7_75t_R)
     2    2.53   12.08   24.68 2735.52 v u336370/Y (MAJx2_ASAP7_75t_R)
                                         n257178 (net)
                 12.09    0.25 2735.77 v u336372/B (MAJx2_ASAP7_75t_R)
     2    2.86   12.61   24.90 2760.68 v u336372/Y (MAJx2_ASAP7_75t_R)
                                         n257180 (net)
                 12.65    0.37 2761.05 v u336375/B (MAJx2_ASAP7_75t_R)
     2    2.84   12.83   25.02 2786.07 v u336375/Y (MAJx2_ASAP7_75t_R)
                                         n257183 (net)
                 12.87    0.38 2786.45 v u336377/B (MAJx2_ASAP7_75t_R)
     2    2.75   12.31   24.98 2811.43 v u336377/Y (MAJx2_ASAP7_75t_R)
                                         n257185 (net)
                 12.34    0.29 2811.72 v u336380/B (MAJx2_ASAP7_75t_R)
     2    2.65   12.36   24.63 2836.35 v u336380/Y (MAJx2_ASAP7_75t_R)
                                         n257188 (net)
                 12.39    0.31 2836.66 v u336382/B (MAJx2_ASAP7_75t_R)
     2    3.05   13.28   25.27 2861.93 v u336382/Y (MAJx2_ASAP7_75t_R)
                                         n257190 (net)
                 13.33    0.47 2862.40 v u336385/B (MAJx2_ASAP7_75t_R)
     2    2.58   12.15   24.82 2887.22 v u336385/Y (MAJx2_ASAP7_75t_R)
                                         n257193 (net)
                 12.18    0.29 2887.51 v u336387/B (MAJx2_ASAP7_75t_R)
     2    2.94   12.85   25.07 2912.58 v u336387/Y (MAJx2_ASAP7_75t_R)
                                         n257195 (net)
                 12.89    0.39 2912.97 v u336390/B (MAJx2_ASAP7_75t_R)
     2    2.78   12.71   25.00 2937.96 v u336390/Y (MAJx2_ASAP7_75t_R)
                                         n257198 (net)
                 12.75    0.37 2938.34 v u336392/B (MAJx2_ASAP7_75t_R)
     2    2.90   12.70   25.20 2963.54 v u336392/Y (MAJx2_ASAP7_75t_R)
                                         n257200 (net)
                 12.73    0.33 2963.86 v u336395/B (MAJx2_ASAP7_75t_R)
     2    2.82   12.79   25.02 2988.88 v u336395/Y (MAJx2_ASAP7_75t_R)
                                         n257203 (net)
                 12.82    0.39 2989.26 v u336397/B (MAJx2_ASAP7_75t_R)
     2    3.19   13.70   25.57 3014.83 v u336397/Y (MAJx2_ASAP7_75t_R)
                                         n257205 (net)
                 13.76    0.50 3015.33 v u336400/B (MAJx2_ASAP7_75t_R)
     2    2.74   12.64   25.21 3040.54 v u336400/Y (MAJx2_ASAP7_75t_R)
                                         n257208 (net)
                 12.67    0.32 3040.87 v u336402/B (MAJx2_ASAP7_75t_R)
     2    2.70   12.16   24.85 3065.72 v u336402/Y (MAJx2_ASAP7_75t_R)
                                         n257210 (net)
                 12.18    0.26 3065.97 v u336405/B (MAJx2_ASAP7_75t_R)
     2    2.55   12.10   24.50 3090.48 v u336405/Y (MAJx2_ASAP7_75t_R)
                                         n257213 (net)
                 12.10    0.10 3090.57 v u336407/B (MAJx2_ASAP7_75t_R)
     2    3.01   13.13   25.14 3115.72 v u336407/Y (MAJx2_ASAP7_75t_R)
                                         n257215 (net)
                 13.18    0.43 3116.15 v u336410/B (MAJx2_ASAP7_75t_R)
     2    2.65   12.45   24.87 3141.02 v u336410/Y (MAJx2_ASAP7_75t_R)
                                         n257218 (net)
                 12.48    0.32 3141.34 v u336412/B (MAJx2_ASAP7_75t_R)
     2    2.88   12.63   25.08 3166.42 v u336412/Y (MAJx2_ASAP7_75t_R)
                                         n257220 (net)
                 12.65    0.32 3166.74 v u336415/B (MAJx2_ASAP7_75t_R)
     2    2.48   12.06   24.47 3191.21 v u336415/Y (MAJx2_ASAP7_75t_R)
                                         n257223 (net)
                 12.08    0.23 3191.44 v u336417/B (MAJx2_ASAP7_75t_R)
     2    2.81   12.48   24.82 3216.26 v u336417/Y (MAJx2_ASAP7_75t_R)
                                         n257225 (net)
                 12.52    0.35 3216.61 v u336420/B (MAJx2_ASAP7_75t_R)
     2    2.36   11.66   24.27 3240.88 v u336420/Y (MAJx2_ASAP7_75t_R)
                                         n257228 (net)
                 11.66    0.08 3240.96 v u336422/B (MAJx2_ASAP7_75t_R)
     2    2.84   12.51   24.80 3265.77 v u336422/Y (MAJx2_ASAP7_75t_R)
                                         n257230 (net)
                 12.53    0.25 3266.02 v u336425/B (MAJx2_ASAP7_75t_R)
     2    2.78   12.87   24.91 3290.93 v u336425/Y (MAJx2_ASAP7_75t_R)
                                         n257233 (net)
                 12.90    0.34 3291.28 v u336427/B (MAJx2_ASAP7_75t_R)
     2    2.83   12.43   25.18 3316.46 v u336427/Y (MAJx2_ASAP7_75t_R)
                                         n257235 (net)
                 12.44    0.20 3316.66 v u336430/B (MAJx2_ASAP7_75t_R)
     2    2.54   12.11   24.55 3341.21 v u336430/Y (MAJx2_ASAP7_75t_R)
                                         n257238 (net)
                 12.11    0.14 3341.35 v u336432/B (MAJx2_ASAP7_75t_R)
     2    2.73   12.20   24.76 3366.12 v u336432/Y (MAJx2_ASAP7_75t_R)
                                         n257240 (net)
                 12.21    0.23 3366.35 v u336435/B (MAJx2_ASAP7_75t_R)
     2    2.59   12.32   24.58 3390.93 v u336435/Y (MAJx2_ASAP7_75t_R)
                                         n257243 (net)
                 12.33    0.16 3391.09 v u336437/B (MAJx2_ASAP7_75t_R)
     2    2.79   12.42   24.90 3415.99 v u336437/Y (MAJx2_ASAP7_75t_R)
                                         n257245 (net)
                 12.45    0.29 3416.28 v u336440/B (MAJx2_ASAP7_75t_R)
     2    2.71   12.60   24.78 3441.06 v u336440/Y (MAJx2_ASAP7_75t_R)
                                         n257248 (net)
                 12.63    0.31 3441.38 v u336442/B (MAJx2_ASAP7_75t_R)
     2    2.73   12.20   24.93 3466.31 v u336442/Y (MAJx2_ASAP7_75t_R)
                                         n257250 (net)
                 12.21    0.20 3466.50 v u336445/B (MAJx2_ASAP7_75t_R)
     2    2.64   12.48   24.61 3491.11 v u336445/Y (MAJx2_ASAP7_75t_R)
                                         n257253 (net)
                 12.50    0.26 3491.37 v u336447/B (MAJx2_ASAP7_75t_R)
     2    2.64   11.97   24.76 3516.13 v u336447/Y (MAJx2_ASAP7_75t_R)
                                         n257255 (net)
                 11.97    0.10 3516.23 v u336450/B (MAJx2_ASAP7_75t_R)
     2    2.55   12.04   24.42 3540.65 v u336450/Y (MAJx2_ASAP7_75t_R)
                                         n257258 (net)
                 12.06    0.22 3540.87 v u336452/B (MAJx2_ASAP7_75t_R)
     2    2.91   12.69   25.03 3565.90 v u336452/Y (MAJx2_ASAP7_75t_R)
                                         n257260 (net)
                 12.72    0.32 3566.22 v u336455/B (MAJx2_ASAP7_75t_R)
     2    2.63   12.36   24.72 3590.94 v u336455/Y (MAJx2_ASAP7_75t_R)
                                         n257263 (net)
                 12.39    0.30 3591.24 v u336457/B (MAJx2_ASAP7_75t_R)
     2    2.75   12.28   24.88 3616.12 v u336457/Y (MAJx2_ASAP7_75t_R)
                                         n257265 (net)
                 12.30    0.25 3616.38 v u336460/B (MAJx2_ASAP7_75t_R)
     2    2.68   12.43   24.68 3641.05 v u336460/Y (MAJx2_ASAP7_75t_R)
                                         n257268 (net)
                 12.46    0.32 3641.37 v u336462/B (MAJx2_ASAP7_75t_R)
     2    2.81   12.49   24.94 3666.32 v u336462/Y (MAJx2_ASAP7_75t_R)
                                         n257270 (net)
                 12.53    0.34 3666.65 v u336465/B (MAJx2_ASAP7_75t_R)
     2    2.38   11.86   24.24 3690.89 v u336465/Y (MAJx2_ASAP7_75t_R)
                                         n257273 (net)
                 11.89    0.31 3691.21 v u336469/A (MAJx2_ASAP7_75t_R)
     2    2.99   13.37   23.31 3714.51 v u336469/Y (MAJx2_ASAP7_75t_R)
                                         n257277 (net)
                 13.42    0.44 3714.95 v u336472/B (MAJx2_ASAP7_75t_R)
     3    3.15   13.68   25.73 3740.68 v u336472/Y (MAJx2_ASAP7_75t_R)
                                         n257280 (net)
                 13.73    0.42 3741.11 v u336473/C (OR3x1_ASAP7_75t_R)
     1    1.21   11.13   22.96 3764.07 v u336473/Y (OR3x1_ASAP7_75t_R)
                                         n257281 (net)
                 11.13    0.11 3764.18 v u336476/A (NAND2x1_ASAP7_75t_R)
     3    3.78   28.39   17.89 3782.07 ^ u336476/Y (NAND2x1_ASAP7_75t_R)
                                         n257284 (net)
                 28.42    0.53 3782.61 ^ u336478/C (OR4x1_ASAP7_75t_R)
     4    4.13   28.16   25.41 3808.02 ^ u336478/Y (OR4x1_ASAP7_75t_R)
                                         n257286 (net)
                 28.17    0.34 3808.36 ^ u336480/A (OR2x2_ASAP7_75t_R)
     5    6.50   23.57   27.80 3836.16 ^ u336480/Y (OR2x2_ASAP7_75t_R)
                                         n257288 (net)
                 23.60    0.47 3836.63 ^ u336497/A (NOR2x2_ASAP7_75t_R)
    29   35.81  106.57   47.12 3883.75 v u336497/Y (NOR2x2_ASAP7_75t_R)
                                         n256731 (net)
                108.82    8.71 3892.45 v place54623/A (BUFx3_ASAP7_75t_R)
    29   27.34   57.32   46.55 3939.01 v place54623/Y (BUFx3_ASAP7_75t_R)
                                         net54582 (net)
                 71.32   14.88 3953.89 v place54622/A (BUFx3_ASAP7_75t_R)
    37   38.13   77.72   45.15 3999.04 v place54622/Y (BUFx3_ASAP7_75t_R)
                                         net54581 (net)
                104.86   24.83 4023.87 v place54621/A (BUFx6f_ASAP7_75t_R)
    60   56.67   59.18   38.19 4062.06 v place54621/Y (BUFx6f_ASAP7_75t_R)
                                         net54580 (net)
                143.58   43.73 4105.79 v u336712/B (NAND2x1_ASAP7_75t_R)
     1    1.00   29.29   26.57 4132.37 ^ u336712/Y (NAND2x1_ASAP7_75t_R)
                                         n257432 (net)
                 29.30    0.10 4132.47 ^ u336713/B (OA21x2_ASAP7_75t_R)
     1    1.22   11.27   19.80 4152.27 ^ u336713/Y (OA21x2_ASAP7_75t_R)
                                         n238671 (net)
                 11.28    0.15 4152.42 ^ u316927/D (DFFHQNx1_ASAP7_75t_R)
                               4152.42   data arrival time

                       5000.00 5000.00   clock core_clock (rise edge)
                          0.00 5000.00   clock source latency
     1   21.08    0.00    0.00 5000.00 ^ ap_clk (in)
                                         ap_clk (net)
                 36.56   11.53 5011.53 ^ wire60394/A (BUFx12f_ASAP7_75t_R)
     1   19.42   15.26   19.23 5030.77 ^ wire60394/Y (BUFx12f_ASAP7_75t_R)
                                         net60353 (net)
                 44.24   13.32 5044.09 ^ wire60393/A (BUFx12f_ASAP7_75t_R)
     1   20.65   15.77   20.36 5064.45 ^ wire60393/Y (BUFx12f_ASAP7_75t_R)
                                         net60352 (net)
                 49.37   14.98 5079.43 ^ wire60392/A (BUFx12f_ASAP7_75t_R)
     1   20.69   15.93   20.98 5100.41 ^ wire60392/Y (BUFx12f_ASAP7_75t_R)
                                         net60351 (net)
                 49.32   14.94 5115.34 ^ wire60391/A (BUFx12f_ASAP7_75t_R)
     1   20.69   15.90   20.97 5136.32 ^ wire60391/Y (BUFx12f_ASAP7_75t_R)
                                         net60350 (net)
                 49.37   14.96 5151.27 ^ clkbuf_0_ap_clk/A (BUFx24_ASAP7_75t_R)
     2   16.57   13.93   28.94 5180.22 ^ clkbuf_0_ap_clk/Y (BUFx24_ASAP7_75t_R)
                                         clknet_0_ap_clk (net)
                 17.33    3.52 5183.73 ^ clkbuf_1_0_0_ap_clk/A (BUFx24_ASAP7_75t_R)
     1    9.89    9.35   20.49 5204.22 ^ clkbuf_1_0_0_ap_clk/Y (BUFx24_ASAP7_75t_R)
                                         clknet_1_0_0_ap_clk (net)
                 15.32    3.98 5208.20 ^ clkbuf_1_0_1_ap_clk/A (BUFx24_ASAP7_75t_R)
     1    9.23    9.10   19.85 5228.05 ^ clkbuf_1_0_1_ap_clk/Y (BUFx24_ASAP7_75t_R)
                                         clknet_1_0_1_ap_clk (net)
                 14.88    3.92 5231.97 ^ clkbuf_1_0_2_ap_clk/A (BUFx24_ASAP7_75t_R)
     2   15.16   12.08   20.21 5252.18 ^ clkbuf_1_0_2_ap_clk/Y (BUFx24_ASAP7_75t_R)
                                         clknet_1_0_2_ap_clk (net)
                 19.48    4.94 5257.12 ^ clkbuf_2_0_0_ap_clk/A (BUFx24_ASAP7_75t_R)
     1   10.21    9.49   21.19 5278.31 ^ clkbuf_2_0_0_ap_clk/Y (BUFx24_ASAP7_75t_R)
                                         clknet_2_0_0_ap_clk (net)
                 15.53    4.06 5282.37 ^ clkbuf_2_0_1_ap_clk/A (BUFx24_ASAP7_75t_R)
     1    8.94    9.03   19.91 5302.28 ^ clkbuf_2_0_1_ap_clk/Y (BUFx24_ASAP7_75t_R)
                                         clknet_2_0_1_ap_clk (net)
                 14.20    3.69 5305.97 ^ clkbuf_2_0_2_ap_clk/A (BUFx24_ASAP7_75t_R)
     2   12.26   10.47   19.77 5325.74 ^ clkbuf_2_0_2_ap_clk/Y (BUFx24_ASAP7_75t_R)
                                         clknet_2_0_2_ap_clk (net)
                 16.57    4.16 5329.90 ^ clkbuf_3_1_0_ap_clk/A (BUFx24_ASAP7_75t_R)
     1    9.04    9.13   20.23 5350.13 ^ clkbuf_3_1_0_ap_clk/Y (BUFx24_ASAP7_75t_R)
                                         clknet_3_1_0_ap_clk (net)
                 14.01    3.57 5353.70 ^ clkbuf_3_1_1_ap_clk/A (BUFx24_ASAP7_75t_R)
     2   14.34   11.82   19.99 5373.70 ^ clkbuf_3_1_1_ap_clk/Y (BUFx24_ASAP7_75t_R)
                                         clknet_3_1_1_ap_clk (net)
                 17.19    4.13 5377.83 ^ clkbuf_4_3_0_ap_clk/A (BUFx24_ASAP7_75t_R)
     1    9.30    9.13   20.39 5398.22 ^ clkbuf_4_3_0_ap_clk/Y (BUFx24_ASAP7_75t_R)
                                         clknet_4_3_0_ap_clk (net)
                 14.85    3.88 5402.10 ^ clkbuf_4_3_1_ap_clk/A (BUFx24_ASAP7_75t_R)
     2   14.92   12.18   20.55 5422.65 ^ clkbuf_4_3_1_ap_clk/Y (BUFx24_ASAP7_75t_R)
                                         clknet_4_3_1_ap_clk (net)
                 15.87    3.46 5426.11 ^ clkbuf_5_6_0_ap_clk/A (BUFx24_ASAP7_75t_R)
     2   15.44   12.41   20.68 5446.79 ^ clkbuf_5_6_0_ap_clk/Y (BUFx24_ASAP7_75t_R)
                                         clknet_5_6_0_ap_clk (net)
                 18.16    4.39 5451.18 ^ clkbuf_6_12_0_ap_clk/A (BUFx24_ASAP7_75t_R)
     4   20.65   15.21   22.24 5473.42 ^ clkbuf_6_12_0_ap_clk/Y (BUFx24_ASAP7_75t_R)
                                         clknet_6_12_0_ap_clk (net)
                 18.61    3.71 5477.13 ^ clkbuf_8_48_0_ap_clk/A (BUFx24_ASAP7_75t_R)
     2    6.86    8.72   20.74 5497.87 ^ clkbuf_8_48_0_ap_clk/Y (BUFx24_ASAP7_75t_R)
                                         clknet_8_48_0_ap_clk (net)
                  9.40    1.30 5499.17 ^ clkbuf_9_96__f_ap_clk/A (BUFx24_ASAP7_75t_R)
    15   43.50   26.45   21.65 5520.82 ^ clkbuf_9_96__f_ap_clk/Y (BUFx24_ASAP7_75t_R)
                                         clknet_9_96__leaf_ap_clk (net)
                 33.42    6.92 5527.74 ^ clkbuf_leaf_5435_ap_clk/A (BUFx24_ASAP7_75t_R)
    19   13.72   12.20   25.57 5553.31 ^ clkbuf_leaf_5435_ap_clk/Y (BUFx24_ASAP7_75t_R)
                                         clknet_leaf_5435_ap_clk (net)
                 12.30    0.53 5553.84 ^ u316927/CLK (DFFHQNx1_ASAP7_75t_R)
                          4.78 5558.62   clock reconvergence pessimism
                         -6.48 5552.14   library setup time
                               5552.14   data required time
-----------------------------------------------------------------------------
                               5552.14   data required time
                               -4152.42   data arrival time
-----------------------------------------------------------------------------
                               1399.72   slack (MET)



==========================================================================
global route report_checks -unconstrained
--------------------------------------------------------------------------
Startpoint: u336116 (rising edge-triggered flip-flop clocked by core_clock)
Endpoint: u316927 (rising edge-triggered flip-flop clocked by core_clock)
Path Group: core_clock
Path Type: max

Fanout     Cap    Slew   Delay    Time   Description
-----------------------------------------------------------------------------
                          0.00    0.00   clock core_clock (rise edge)
                          0.00    0.00   clock source latency
     1   21.62    0.00    0.00    0.00 ^ ap_clk (in)
                                         ap_clk (net)
                 38.39   12.11   12.11 ^ wire60394/A (BUFx12f_ASAP7_75t_R)
     1   19.95   15.53   19.56   31.67 ^ wire60394/Y (BUFx12f_ASAP7_75t_R)
                                         net60353 (net)
                 46.15   13.94   45.61 ^ wire60393/A (BUFx12f_ASAP7_75t_R)
     1   21.18   15.99   20.59   66.20 ^ wire60393/Y (BUFx12f_ASAP7_75t_R)
                                         net60352 (net)
                 51.40   15.64   81.84 ^ wire60392/A (BUFx12f_ASAP7_75t_R)
     1   21.23   16.16   21.22  103.06 ^ wire60392/Y (BUFx12f_ASAP7_75t_R)
                                         net60351 (net)
                 51.34   15.59  118.65 ^ wire60391/A (BUFx12f_ASAP7_75t_R)
     1   21.29   16.15   21.21  139.86 ^ wire60391/Y (BUFx12f_ASAP7_75t_R)
                                         net60350 (net)
                 51.65   15.69  155.55 ^ clkbuf_0_ap_clk/A (BUFx24_ASAP7_75t_R)
     2   17.78   14.57   29.44  185.00 ^ clkbuf_0_ap_clk/Y (BUFx24_ASAP7_75t_R)
                                         clknet_0_ap_clk (net)
                 18.57    3.92  188.92 ^ clkbuf_1_1_0_ap_clk/A (BUFx24_ASAP7_75t_R)
     1   10.36    9.44   20.87  209.79 ^ clkbuf_1_1_0_ap_clk/Y (BUFx24_ASAP7_75t_R)
                                         clknet_1_1_0_ap_clk (net)
                 16.24    4.28  214.07 ^ clkbuf_1_1_1_ap_clk/A (BUFx24_ASAP7_75t_R)
     1   10.08    9.25   20.16  234.23 ^ clkbuf_1_1_1_ap_clk/Y (BUFx24_ASAP7_75t_R)
                                         clknet_1_1_1_ap_clk (net)
                 16.55    4.46  238.70 ^ clkbuf_1_1_2_ap_clk/A (BUFx24_ASAP7_75t_R)
     2   16.20   12.52   20.72  259.42 ^ clkbuf_1_1_2_ap_clk/Y (BUFx24_ASAP7_75t_R)
                                         clknet_1_1_2_ap_clk (net)
                 20.62    5.24  264.66 ^ clkbuf_2_3_0_ap_clk/A (BUFx24_ASAP7_75t_R)
     1   10.70    9.64   21.55  286.22 ^ clkbuf_2_3_0_ap_clk/Y (BUFx24_ASAP7_75t_R)
                                         clknet_2_3_0_ap_clk (net)
                 16.18    4.26  290.47 ^ clkbuf_2_3_1_ap_clk/A (BUFx24_ASAP7_75t_R)
     1    9.96    9.25   20.11  310.58 ^ clkbuf_2_3_1_ap_clk/Y (BUFx24_ASAP7_75t_R)
                                         clknet_2_3_1_ap_clk (net)
                 15.96    4.22  314.81 ^ clkbuf_2_3_2_ap_clk/A (BUFx24_ASAP7_75t_R)
     2   14.08   11.06   20.30  335.11 ^ clkbuf_2_3_2_ap_clk/Y (BUFx24_ASAP7_75t_R)
                                         clknet_2_3_2_ap_clk (net)
                 19.86    5.20  340.31 ^ clkbuf_3_6_0_ap_clk/A (BUFx24_ASAP7_75t_R)
     1    9.77    9.25   21.20  361.51 ^ clkbuf_3_6_0_ap_clk/Y (BUFx24_ASAP7_75t_R)
                                         clknet_3_6_0_ap_clk (net)
                 15.70    4.15  365.66 ^ clkbuf_3_6_1_ap_clk/A (BUFx24_ASAP7_75t_R)
     2   15.71   12.40   20.52  386.17 ^ clkbuf_3_6_1_ap_clk/Y (BUFx24_ASAP7_75t_R)
                                         clknet_3_6_1_ap_clk (net)
                 19.60    4.92  391.09 ^ clkbuf_4_12_0_ap_clk/A (BUFx24_ASAP7_75t_R)
     1   10.49    9.52   21.21  412.31 ^ clkbuf_4_12_0_ap_clk/Y (BUFx24_ASAP7_75t_R)
                                         clknet_4_12_0_ap_clk (net)
                 16.34    4.32  416.63 ^ clkbuf_4_12_1_ap_clk/A (BUFx24_ASAP7_75t_R)
     2   15.40   12.38   20.84  437.47 ^ clkbuf_4_12_1_ap_clk/Y (BUFx24_ASAP7_75t_R)
                                         clknet_4_12_1_ap_clk (net)
                 17.74    4.22  441.69 ^ clkbuf_5_24_0_ap_clk/A (BUFx24_ASAP7_75t_R)
     2   17.26   13.35   21.61  463.30 ^ clkbuf_5_24_0_ap_clk/Y (BUFx24_ASAP7_75t_R)
                                         clknet_5_24_0_ap_clk (net)
                 18.18    4.16  467.46 ^ clkbuf_6_48_0_ap_clk/A (BUFx24_ASAP7_75t_R)
     4   22.14   15.94   22.30  489.76 ^ clkbuf_6_48_0_ap_clk/Y (BUFx24_ASAP7_75t_R)
                                         clknet_6_48_0_ap_clk (net)
                 20.64    4.47  494.23 ^ clkbuf_8_192_0_ap_clk/A (BUFx24_ASAP7_75t_R)
     2    8.07    9.17   21.44  515.67 ^ clkbuf_8_192_0_ap_clk/Y (BUFx24_ASAP7_75t_R)
                                         clknet_8_192_0_ap_clk (net)
                 10.51    1.77  517.45 ^ clkbuf_9_384__f_ap_clk/A (BUFx24_ASAP7_75t_R)
    28   97.74   45.88   22.87  540.32 ^ clkbuf_9_384__f_ap_clk/Y (BUFx24_ASAP7_75t_R)
                                         clknet_9_384__leaf_ap_clk (net)
                 79.60   20.82  561.14 ^ clkbuf_leaf_425_ap_clk/A (BUFx24_ASAP7_75t_R)
    23   18.66   16.11   34.41  595.54 ^ clkbuf_leaf_425_ap_clk/Y (BUFx24_ASAP7_75t_R)
                                         clknet_leaf_425_ap_clk (net)
                 18.32    3.03  598.57 ^ u336116/CLK (DFFHQNx1_ASAP7_75t_R)
     2    1.42   17.15   39.45  638.03 v u336116/QN (DFFHQNx1_ASAP7_75t_R)
                                         uacc_section14_allocator_udiv_144ns_128ns_144_148_1_U52.uacc_section14_allocator_uacc_section14_allocator_udiv_144ns_128ns_144_148_1_div_U.uacc_section14_allocator_uacc_section14_allocator_udiv_144ns_128ns_144_148_1_div_u_0.divisor_tmp[7424] (net)
                 17.15    0.08  638.10 v u336117/A (INVx1_ASAP7_75t_R)
     2    1.60   14.08   11.17  649.27 ^ u336117/Y (INVx1_ASAP7_75t_R)
                                         n238715 (net)
                 14.09    0.15  649.42 ^ u336119/A (OR2x2_ASAP7_75t_R)
     2    2.18   10.27   18.16  667.58 ^ u336119/Y (OR2x2_ASAP7_75t_R)
                                         n256952 (net)
                 10.28    0.22  667.80 ^ u336123/A (MAJx2_ASAP7_75t_R)
     2    2.71   13.44   20.41  688.21 ^ u336123/Y (MAJx2_ASAP7_75t_R)
                                         n256955 (net)
                 13.46    0.29  688.50 ^ u336127/A (MAJx2_ASAP7_75t_R)
     2    2.31   12.24   20.66  709.16 ^ u336127/Y (MAJx2_ASAP7_75t_R)
                                         n256958 (net)
                 12.26    0.21  709.37 ^ u336131/A (MAJx2_ASAP7_75t_R)
     2    2.10   11.51   19.99  729.35 ^ u336131/Y (MAJx2_ASAP7_75t_R)
                                         n256961 (net)
                 11.52    0.12  729.47 ^ u336135/A (MAJx2_ASAP7_75t_R)
     2    2.18   11.79   19.87  749.34 ^ u336135/Y (MAJx2_ASAP7_75t_R)
                                         n256964 (net)
                 11.80    0.24  749.58 ^ u336139/A (MAJx2_ASAP7_75t_R)
     2    2.50   12.87   20.48  770.05 ^ u336139/Y (MAJx2_ASAP7_75t_R)
                                         n256967 (net)
                 12.91    0.38  770.43 ^ u336143/A (MAJx2_ASAP7_75t_R)
     2    2.42   12.61   20.65  791.09 ^ u336143/Y (MAJx2_ASAP7_75t_R)
                                         n256970 (net)
                 12.64    0.33  791.42 ^ u336147/A (MAJx2_ASAP7_75t_R)
     2    2.44   12.68   20.61  812.03 ^ u336147/Y (MAJx2_ASAP7_75t_R)
                                         n256973 (net)
                 12.71    0.35  812.38 ^ u336151/A (MAJx2_ASAP7_75t_R)
     2    5.42   22.89   24.38  836.76 ^ u336151/Y (MAJx2_ASAP7_75t_R)
                                         n256976 (net)
                 23.96    2.67  839.42 ^ u336155/A (MAJx2_ASAP7_75t_R)
     2    2.87   14.04   24.26  863.68 ^ u336155/Y (MAJx2_ASAP7_75t_R)
                                         n256979 (net)
                 14.10    0.49  864.17 ^ u336159/A (MAJx2_ASAP7_75t_R)
     2    3.72   17.08   22.83  887.01 ^ u336159/Y (MAJx2_ASAP7_75t_R)
                                         n256982 (net)
                 17.34    1.15  888.16 ^ u336160/B (OA21x2_ASAP7_75t_R)
     1    1.35    8.87   18.27  906.43 ^ u336160/Y (OA21x2_ASAP7_75t_R)
                                         n256983 (net)
                  8.88    0.07  906.49 ^ u336161/B (AOI21x1_ASAP7_75t_R)
     2    2.36   18.89    9.37  915.86 v u336161/Y (AOI21x1_ASAP7_75t_R)
                                         n256984 (net)
                 18.90    0.31  916.16 v u336162/B (NOR2x1_ASAP7_75t_R)
     2    1.58   15.47   12.05  928.21 ^ u336162/Y (NOR2x1_ASAP7_75t_R)
                                         n256985 (net)
                 15.47    0.06  928.27 ^ u336163/B (AO21x1_ASAP7_75t_R)
     2    2.42   18.15   17.69  945.96 ^ u336163/Y (AO21x1_ASAP7_75t_R)
                                         n256986 (net)
                 18.16    0.30  946.26 ^ u336167/A (MAJx2_ASAP7_75t_R)
     2    2.43   12.65   22.20  968.46 ^ u336167/Y (MAJx2_ASAP7_75t_R)
                                         n256989 (net)
                 12.68    0.29  968.76 ^ u336171/A (MAJx2_ASAP7_75t_R)
     2    3.00   14.52   21.49  990.25 ^ u336171/Y (MAJx2_ASAP7_75t_R)
                                         n256992 (net)
                 14.60    0.62  990.87 ^ u336175/A (MAJx2_ASAP7_75t_R)
     2    2.25   12.06   20.88 1011.75 ^ u336175/Y (MAJx2_ASAP7_75t_R)
                                         n256995 (net)
                 12.08    0.24 1011.99 ^ u336179/A (MAJx2_ASAP7_75t_R)
     2    3.39   15.88   21.82 1033.81 ^ u336179/Y (MAJx2_ASAP7_75t_R)
                                         n256998 (net)
                 16.07    0.94 1034.75 ^ u336183/A (MAJx2_ASAP7_75t_R)
     2    2.61   13.28   21.87 1056.62 ^ u336183/Y (MAJx2_ASAP7_75t_R)
                                         n257001 (net)
                 13.33    0.41 1057.03 ^ u336187/A (MAJx2_ASAP7_75t_R)
     2    2.78   13.79   21.34 1078.36 ^ u336187/Y (MAJx2_ASAP7_75t_R)
                                         n257004 (net)
                 13.86    0.55 1078.92 ^ u336188/B (OA21x2_ASAP7_75t_R)
     1    1.42    9.16   17.77 1096.69 ^ u336188/Y (OA21x2_ASAP7_75t_R)
                                         n257005 (net)
                  9.16    0.08 1096.77 ^ u336189/B (AOI21x1_ASAP7_75t_R)
     2    2.41   19.44    9.53 1106.30 v u336189/Y (AOI21x1_ASAP7_75t_R)
                                         n257006 (net)
                 19.45    0.34 1106.64 v u336190/B (NOR2x1_ASAP7_75t_R)
     2    1.65   15.98   12.38 1119.02 ^ u336190/Y (NOR2x1_ASAP7_75t_R)
                                         n257007 (net)
                 15.98    0.09 1119.11 ^ u336191/B (AO21x1_ASAP7_75t_R)
     2    2.58   19.13   18.16 1137.27 ^ u336191/Y (AO21x1_ASAP7_75t_R)
                                         n257008 (net)
                 19.15    0.43 1137.70 ^ u336195/A (MAJx2_ASAP7_75t_R)
     2    2.55   13.08   22.66 1160.36 ^ u336195/Y (MAJx2_ASAP7_75t_R)
                                         n257011 (net)
                 13.13    0.40 1160.76 ^ u336199/A (MAJx2_ASAP7_75t_R)
     2    2.56   13.02   20.96 1181.72 ^ u336199/Y (MAJx2_ASAP7_75t_R)
                                         n257014 (net)
                 13.06    0.38 1182.10 ^ u336203/A (MAJx2_ASAP7_75t_R)
     2    2.33   12.32   20.56 1202.66 ^ u336203/Y (MAJx2_ASAP7_75t_R)
                                         n257017 (net)
                 12.34    0.28 1202.94 ^ u336207/A (MAJx2_ASAP7_75t_R)
     2    2.42   12.61   20.50 1223.44 ^ u336207/Y (MAJx2_ASAP7_75t_R)
                                         n257020 (net)
                 12.63    0.32 1223.76 ^ u336211/A (MAJx2_ASAP7_75t_R)
     2    2.31   12.24   20.41 1244.17 ^ u336211/Y (MAJx2_ASAP7_75t_R)
                                         n257023 (net)
                 12.26    0.26 1244.43 ^ u336215/A (MAJx2_ASAP7_75t_R)
     2    2.17   11.83   20.07 1264.50 ^ u336215/Y (MAJx2_ASAP7_75t_R)
                                         n257026 (net)
                 11.84    0.21 1264.71 ^ u336216/B (OA21x2_ASAP7_75t_R)
     1    1.44    9.17   17.44 1282.14 ^ u336216/Y (OA21x2_ASAP7_75t_R)
                                         n257027 (net)
                  9.17    0.09 1282.23 ^ u336217/B (AOI21x1_ASAP7_75t_R)
     2    2.79   20.80   10.24 1292.47 v u336217/Y (AOI21x1_ASAP7_75t_R)
                                         n257028 (net)
                 20.82    0.33 1292.80 v u336219/B (MAJx2_ASAP7_75t_R)
     2    2.93   12.71   27.61 1320.41 v u336219/Y (MAJx2_ASAP7_75t_R)
                                         n257030 (net)
                 12.74    0.29 1320.70 v u336222/B (MAJx2_ASAP7_75t_R)
     2    2.92   13.11   25.19 1345.89 v u336222/Y (MAJx2_ASAP7_75t_R)
                                         n257033 (net)
                 13.15    0.43 1346.32 v u336224/B (MAJx2_ASAP7_75t_R)
     2    2.65   12.05   24.93 1371.25 v u336224/Y (MAJx2_ASAP7_75t_R)
                                         n257035 (net)
                 12.06    0.22 1371.48 v u336227/B (MAJx2_ASAP7_75t_R)
     2    2.95   13.29   25.03 1396.51 v u336227/Y (MAJx2_ASAP7_75t_R)
                                         n257038 (net)
                 13.33    0.42 1396.93 v u336229/B (MAJx2_ASAP7_75t_R)
     2    2.97   12.92   25.45 1422.39 v u336229/Y (MAJx2_ASAP7_75t_R)
                                         n257040 (net)
                 12.96    0.40 1422.78 v u336232/B (MAJx2_ASAP7_75t_R)
     2    3.06   13.64   25.45 1448.23 v u336232/Y (MAJx2_ASAP7_75t_R)
                                         n257043 (net)
                 13.70    0.49 1448.72 v u336234/B (MAJx2_ASAP7_75t_R)
     2    2.85   12.54   25.39 1474.11 v u336234/Y (MAJx2_ASAP7_75t_R)
                                         n257045 (net)
                 12.57    0.31 1474.42 v u336237/B (MAJx2_ASAP7_75t_R)
     2    2.84   12.88   25.01 1499.44 v u336237/Y (MAJx2_ASAP7_75t_R)
                                         n257048 (net)
                 12.92    0.38 1499.82 v u336239/B (MAJx2_ASAP7_75t_R)
     2    3.17   13.61   25.59 1525.40 v u336239/Y (MAJx2_ASAP7_75t_R)
                                         n257050 (net)
                 13.68    0.51 1525.91 v u336242/B (MAJx2_ASAP7_75t_R)
     2    2.88   13.05   25.36 1551.27 v u336242/Y (MAJx2_ASAP7_75t_R)
                                         n257053 (net)
                 13.10    0.46 1551.73 v u336244/B (MAJx2_ASAP7_75t_R)
     2    2.92   12.76   25.34 1577.07 v u336244/Y (MAJx2_ASAP7_75t_R)
                                         n257055 (net)
                 12.78    0.30 1577.37 v u336247/B (MAJx2_ASAP7_75t_R)
     2    2.60   12.26   24.70 1602.07 v u336247/Y (MAJx2_ASAP7_75t_R)
                                         n257058 (net)
                 12.28    0.27 1602.34 v u336249/B (MAJx2_ASAP7_75t_R)
     2    3.23   13.75   25.51 1627.85 v u336249/Y (MAJx2_ASAP7_75t_R)
                                         n257060 (net)
                 13.80    0.45 1628.30 v u336252/B (MAJx2_ASAP7_75t_R)
     2    2.54   12.14   24.90 1653.20 v u336252/Y (MAJx2_ASAP7_75t_R)
                                         n257063 (net)
                 12.16    0.27 1653.46 v u336254/B (MAJx2_ASAP7_75t_R)
     2    2.80   12.43   24.86 1678.33 v u336254/Y (MAJx2_ASAP7_75t_R)
                                         n257065 (net)
                 12.46    0.28 1678.61 v u336257/B (MAJx2_ASAP7_75t_R)
     2    2.89   13.07   25.05 1703.66 v u336257/Y (MAJx2_ASAP7_75t_R)
                                         n257068 (net)
                 13.12    0.41 1704.07 v u336259/B (MAJx2_ASAP7_75t_R)
     2    2.78   12.37   25.13 1729.20 v u336259/Y (MAJx2_ASAP7_75t_R)
                                         n257070 (net)
                 12.38    0.24 1729.44 v u336262/B (MAJx2_ASAP7_75t_R)
     2    3.00   13.29   25.22 1754.66 v u336262/Y (MAJx2_ASAP7_75t_R)
                                         n257073 (net)
                 13.33    0.42 1755.08 v u336264/B (MAJx2_ASAP7_75t_R)
     2    2.85   12.48   25.36 1780.44 v u336264/Y (MAJx2_ASAP7_75t_R)
                                         n257075 (net)
                 12.49    0.19 1780.63 v u336267/B (MAJx2_ASAP7_75t_R)
     2    2.21   11.31   23.95 1804.59 v u336267/Y (MAJx2_ASAP7_75t_R)
                                         n257078 (net)
                 11.33    0.25 1804.84 v u336268/B (NOR2x1_ASAP7_75t_R)
     2    1.57   13.48   10.08 1814.91 ^ u336268/Y (NOR2x1_ASAP7_75t_R)
                                         n257079 (net)
                 13.48    0.06 1814.97 ^ u336269/B (AO21x1_ASAP7_75t_R)
     2    2.14   16.50   16.52 1831.49 ^ u336269/Y (AO21x1_ASAP7_75t_R)
                                         n257080 (net)
                 16.50    0.21 1831.69 ^ u336273/A (MAJx2_ASAP7_75t_R)
     3    3.39   15.65   23.25 1854.94 ^ u336273/Y (MAJx2_ASAP7_75t_R)
                                         n257083 (net)
                 15.71    0.50 1855.44 ^ u336285/A1 (OAI21x1_ASAP7_75t_R)
     2    2.78   17.26   11.80 1867.24 v u336285/Y (OAI21x1_ASAP7_75t_R)
                                         n257093 (net)
                 17.29    0.40 1867.63 v u336287/B (MAJx2_ASAP7_75t_R)
     2    2.96   12.91   26.59 1894.22 v u336287/Y (MAJx2_ASAP7_75t_R)
                                         n257095 (net)
                 12.95    0.39 1894.62 v u336290/B (MAJx2_ASAP7_75t_R)
     2    2.84   12.87   25.12 1919.74 v u336290/Y (MAJx2_ASAP7_75t_R)
                                         n257098 (net)
                 12.91    0.39 1920.13 v u336292/B (MAJx2_ASAP7_75t_R)
     2    3.24   13.76   25.70 1945.83 v u336292/Y (MAJx2_ASAP7_75t_R)
                                         n257100 (net)
                 13.80    0.41 1946.24 v u336295/B (MAJx2_ASAP7_75t_R)
     2    2.57   12.19   24.96 1971.19 v u336295/Y (MAJx2_ASAP7_75t_R)
                                         n257103 (net)
                 12.21    0.27 1971.46 v u336297/B (MAJx2_ASAP7_75t_R)
     2    2.71   12.20   24.72 1996.19 v u336297/Y (MAJx2_ASAP7_75t_R)
                                         n257105 (net)
                 12.23    0.28 1996.47 v u336300/B (MAJx2_ASAP7_75t_R)
     2    2.65   12.43   24.63 2021.10 v u336300/Y (MAJx2_ASAP7_75t_R)
                                         n257108 (net)
                 12.45    0.28 2021.38 v u336302/B (MAJx2_ASAP7_75t_R)
     2    2.87   12.64   25.05 2046.43 v u336302/Y (MAJx2_ASAP7_75t_R)
                                         n257110 (net)
                 12.67    0.35 2046.78 v u336305/B (MAJx2_ASAP7_75t_R)
     2    2.46   11.95   24.43 2071.22 v u336305/Y (MAJx2_ASAP7_75t_R)
                                         n257113 (net)
                 11.97    0.25 2071.47 v u336307/B (MAJx2_ASAP7_75t_R)
     2    2.88   12.66   24.90 2096.37 v u336307/Y (MAJx2_ASAP7_75t_R)
                                         n257115 (net)
                 12.69    0.35 2096.72 v u336310/B (MAJx2_ASAP7_75t_R)
     2    2.71   12.53   24.85 2121.58 v u336310/Y (MAJx2_ASAP7_75t_R)
                                         n257118 (net)
                 12.57    0.33 2121.91 v u336312/B (MAJx2_ASAP7_75t_R)
     2    2.76   12.36   24.90 2146.81 v u336312/Y (MAJx2_ASAP7_75t_R)
                                         n257120 (net)
                 12.38    0.31 2147.12 v u336315/B (MAJx2_ASAP7_75t_R)
     2    2.63   12.36   24.62 2171.75 v u336315/Y (MAJx2_ASAP7_75t_R)
                                         n257123 (net)
                 12.39    0.32 2172.06 v u336317/B (MAJx2_ASAP7_75t_R)
     2    3.15   13.55   25.41 2197.47 v u336317/Y (MAJx2_ASAP7_75t_R)
                                         n257125 (net)
                 13.61    0.49 2197.96 v u336320/B (MAJx2_ASAP7_75t_R)
     2    2.69   12.47   25.08 2223.04 v u336320/Y (MAJx2_ASAP7_75t_R)
                                         n257128 (net)
                 12.50    0.31 2223.35 v u336322/B (MAJx2_ASAP7_75t_R)
     2    2.98   12.96   25.22 2248.57 v u336322/Y (MAJx2_ASAP7_75t_R)
                                         n257130 (net)
                 13.01    0.41 2248.98 v u336325/B (MAJx2_ASAP7_75t_R)
     2    2.77   12.66   25.02 2273.99 v u336325/Y (MAJx2_ASAP7_75t_R)
                                         n257133 (net)
                 12.70    0.37 2274.36 v u336327/B (MAJx2_ASAP7_75t_R)
     2    2.97   12.99   25.26 2299.62 v u336327/Y (MAJx2_ASAP7_75t_R)
                                         n257135 (net)
                 13.04    0.42 2300.03 v u336330/B (MAJx2_ASAP7_75t_R)
     2    2.83   12.86   25.11 2325.14 v u336330/Y (MAJx2_ASAP7_75t_R)
                                         n257138 (net)
                 12.90    0.41 2325.55 v u336332/B (MAJx2_ASAP7_75t_R)
     2    3.18   13.63   25.59 2351.15 v u336332/Y (MAJx2_ASAP7_75t_R)
                                         n257140 (net)
                 13.70    0.51 2351.65 v u336335/B (MAJx2_ASAP7_75t_R)
     2    2.93   13.25   25.46 2377.11 v u336335/Y (MAJx2_ASAP7_75t_R)
                                         n257143 (net)
                 13.30    0.47 2377.58 v u336337/B (MAJx2_ASAP7_75t_R)
     2    2.86   12.54   25.31 2402.89 v u336337/Y (MAJx2_ASAP7_75t_R)
                                         n257145 (net)
                 12.56    0.26 2403.15 v u336340/B (MAJx2_ASAP7_75t_R)
     2    3.11   13.83   25.38 2428.53 v u336340/Y (MAJx2_ASAP7_75t_R)
                                         n257148 (net)
                 13.90    0.56 2429.09 v u336342/B (MAJx2_ASAP7_75t_R)
     2    3.22   13.80   25.92 2455.01 v u336342/Y (MAJx2_ASAP7_75t_R)
                                         n257150 (net)
                 13.87    0.55 2455.55 v u336345/B (MAJx2_ASAP7_75t_R)
     2    2.78   12.66   25.31 2480.86 v u336345/Y (MAJx2_ASAP7_75t_R)
                                         n257153 (net)
                 12.69    0.34 2481.20 v u336347/B (MAJx2_ASAP7_75t_R)
     2    3.09   13.26   25.43 2506.63 v u336347/Y (MAJx2_ASAP7_75t_R)
                                         n257155 (net)
                 13.31    0.43 2507.06 v u336350/B (MAJx2_ASAP7_75t_R)
     2    2.70   12.45   25.01 2532.07 v u336350/Y (MAJx2_ASAP7_75t_R)
                                         n257158 (net)
                 12.48    0.32 2532.39 v u336352/B (MAJx2_ASAP7_75t_R)
     2    3.20   13.74   25.48 2557.87 v u336352/Y (MAJx2_ASAP7_75t_R)
                                         n257160 (net)
                 13.81    0.54 2558.42 v u336355/B (MAJx2_ASAP7_75t_R)
     2    2.70   12.49   25.15 2583.56 v u336355/Y (MAJx2_ASAP7_75t_R)
                                         n257163 (net)
                 12.52    0.32 2583.88 v u336357/B (MAJx2_ASAP7_75t_R)
     2    3.01   13.12   25.25 2609.14 v u336357/Y (MAJx2_ASAP7_75t_R)
                                         n257165 (net)
                 13.17    0.44 2609.58 v u336360/B (MAJx2_ASAP7_75t_R)
     2    2.68   12.43   24.95 2634.53 v u336360/Y (MAJx2_ASAP7_75t_R)
                                         n257168 (net)
                 12.45    0.31 2634.84 v u336362/B (MAJx2_ASAP7_75t_R)
     2    2.93   12.81   25.14 2659.98 v u336362/Y (MAJx2_ASAP7_75t_R)
                                         n257170 (net)
                 12.83    0.33 2660.31 v u336365/B (MAJx2_ASAP7_75t_R)
     2    2.59   12.20   24.70 2685.02 v u336365/Y (MAJx2_ASAP7_75t_R)
                                         n257173 (net)
                 12.22    0.25 2685.27 v u336367/B (MAJx2_ASAP7_75t_R)
     2    2.98   13.06   25.11 2710.38 v u336367/Y (MAJx2_ASAP7_75t_R)
                                         n257175 (net)
                 13.11    0.46 2710.84 v u336370/B (MAJx2_ASAP7_75t_R)
     2    2.53   12.08   24.68 2735.52 v u336370/Y (MAJx2_ASAP7_75t_R)
                                         n257178 (net)
                 12.09    0.25 2735.77 v u336372/B (MAJx2_ASAP7_75t_R)
     2    2.86   12.61   24.90 2760.68 v u336372/Y (MAJx2_ASAP7_75t_R)
                                         n257180 (net)
                 12.65    0.37 2761.05 v u336375/B (MAJx2_ASAP7_75t_R)
     2    2.84   12.83   25.02 2786.07 v u336375/Y (MAJx2_ASAP7_75t_R)
                                         n257183 (net)
                 12.87    0.38 2786.45 v u336377/B (MAJx2_ASAP7_75t_R)
     2    2.75   12.31   24.98 2811.43 v u336377/Y (MAJx2_ASAP7_75t_R)
                                         n257185 (net)
                 12.34    0.29 2811.72 v u336380/B (MAJx2_ASAP7_75t_R)
     2    2.65   12.36   24.63 2836.35 v u336380/Y (MAJx2_ASAP7_75t_R)
                                         n257188 (net)
                 12.39    0.31 2836.66 v u336382/B (MAJx2_ASAP7_75t_R)
     2    3.05   13.28   25.27 2861.93 v u336382/Y (MAJx2_ASAP7_75t_R)
                                         n257190 (net)
                 13.33    0.47 2862.40 v u336385/B (MAJx2_ASAP7_75t_R)
     2    2.58   12.15   24.82 2887.22 v u336385/Y (MAJx2_ASAP7_75t_R)
                                         n257193 (net)
                 12.18    0.29 2887.51 v u336387/B (MAJx2_ASAP7_75t_R)
     2    2.94   12.85   25.07 2912.58 v u336387/Y (MAJx2_ASAP7_75t_R)
                                         n257195 (net)
                 12.89    0.39 2912.97 v u336390/B (MAJx2_ASAP7_75t_R)
     2    2.78   12.71   25.00 2937.96 v u336390/Y (MAJx2_ASAP7_75t_R)
                                         n257198 (net)
                 12.75    0.37 2938.34 v u336392/B (MAJx2_ASAP7_75t_R)
     2    2.90   12.70   25.20 2963.54 v u336392/Y (MAJx2_ASAP7_75t_R)
                                         n257200 (net)
                 12.73    0.33 2963.86 v u336395/B (MAJx2_ASAP7_75t_R)
     2    2.82   12.79   25.02 2988.88 v u336395/Y (MAJx2_ASAP7_75t_R)
                                         n257203 (net)
                 12.82    0.39 2989.26 v u336397/B (MAJx2_ASAP7_75t_R)
     2    3.19   13.70   25.57 3014.83 v u336397/Y (MAJx2_ASAP7_75t_R)
                                         n257205 (net)
                 13.76    0.50 3015.33 v u336400/B (MAJx2_ASAP7_75t_R)
     2    2.74   12.64   25.21 3040.54 v u336400/Y (MAJx2_ASAP7_75t_R)
                                         n257208 (net)
                 12.67    0.32 3040.87 v u336402/B (MAJx2_ASAP7_75t_R)
     2    2.70   12.16   24.85 3065.72 v u336402/Y (MAJx2_ASAP7_75t_R)
                                         n257210 (net)
                 12.18    0.26 3065.97 v u336405/B (MAJx2_ASAP7_75t_R)
     2    2.55   12.10   24.50 3090.48 v u336405/Y (MAJx2_ASAP7_75t_R)
                                         n257213 (net)
                 12.10    0.10 3090.57 v u336407/B (MAJx2_ASAP7_75t_R)
     2    3.01   13.13   25.14 3115.72 v u336407/Y (MAJx2_ASAP7_75t_R)
                                         n257215 (net)
                 13.18    0.43 3116.15 v u336410/B (MAJx2_ASAP7_75t_R)
     2    2.65   12.45   24.87 3141.02 v u336410/Y (MAJx2_ASAP7_75t_R)
                                         n257218 (net)
                 12.48    0.32 3141.34 v u336412/B (MAJx2_ASAP7_75t_R)
     2    2.88   12.63   25.08 3166.42 v u336412/Y (MAJx2_ASAP7_75t_R)
                                         n257220 (net)
                 12.65    0.32 3166.74 v u336415/B (MAJx2_ASAP7_75t_R)
     2    2.48   12.06   24.47 3191.21 v u336415/Y (MAJx2_ASAP7_75t_R)
                                         n257223 (net)
                 12.08    0.23 3191.44 v u336417/B (MAJx2_ASAP7_75t_R)
     2    2.81   12.48   24.82 3216.26 v u336417/Y (MAJx2_ASAP7_75t_R)
                                         n257225 (net)
                 12.52    0.35 3216.61 v u336420/B (MAJx2_ASAP7_75t_R)
     2    2.36   11.66   24.27 3240.88 v u336420/Y (MAJx2_ASAP7_75t_R)
                                         n257228 (net)
                 11.66    0.08 3240.96 v u336422/B (MAJx2_ASAP7_75t_R)
     2    2.84   12.51   24.80 3265.77 v u336422/Y (MAJx2_ASAP7_75t_R)
                                         n257230 (net)
                 12.53    0.25 3266.02 v u336425/B (MAJx2_ASAP7_75t_R)
     2    2.78   12.87   24.91 3290.93 v u336425/Y (MAJx2_ASAP7_75t_R)
                                         n257233 (net)
                 12.90    0.34 3291.28 v u336427/B (MAJx2_ASAP7_75t_R)
     2    2.83   12.43   25.18 3316.46 v u336427/Y (MAJx2_ASAP7_75t_R)
                                         n257235 (net)
                 12.44    0.20 3316.66 v u336430/B (MAJx2_ASAP7_75t_R)
     2    2.54   12.11   24.55 3341.21 v u336430/Y (MAJx2_ASAP7_75t_R)
                                         n257238 (net)
                 12.11    0.14 3341.35 v u336432/B (MAJx2_ASAP7_75t_R)
     2    2.73   12.20   24.76 3366.12 v u336432/Y (MAJx2_ASAP7_75t_R)
                                         n257240 (net)
                 12.21    0.23 3366.35 v u336435/B (MAJx2_ASAP7_75t_R)
     2    2.59   12.32   24.58 3390.93 v u336435/Y (MAJx2_ASAP7_75t_R)
                                         n257243 (net)
                 12.33    0.16 3391.09 v u336437/B (MAJx2_ASAP7_75t_R)
     2    2.79   12.42   24.90 3415.99 v u336437/Y (MAJx2_ASAP7_75t_R)
                                         n257245 (net)
                 12.45    0.29 3416.28 v u336440/B (MAJx2_ASAP7_75t_R)
     2    2.71   12.60   24.78 3441.06 v u336440/Y (MAJx2_ASAP7_75t_R)
                                         n257248 (net)
                 12.63    0.31 3441.38 v u336442/B (MAJx2_ASAP7_75t_R)
     2    2.73   12.20   24.93 3466.31 v u336442/Y (MAJx2_ASAP7_75t_R)
                                         n257250 (net)
                 12.21    0.20 3466.50 v u336445/B (MAJx2_ASAP7_75t_R)
     2    2.64   12.48   24.61 3491.11 v u336445/Y (MAJx2_ASAP7_75t_R)
                                         n257253 (net)
                 12.50    0.26 3491.37 v u336447/B (MAJx2_ASAP7_75t_R)
     2    2.64   11.97   24.76 3516.13 v u336447/Y (MAJx2_ASAP7_75t_R)
                                         n257255 (net)
                 11.97    0.10 3516.23 v u336450/B (MAJx2_ASAP7_75t_R)
     2    2.55   12.04   24.42 3540.65 v u336450/Y (MAJx2_ASAP7_75t_R)
                                         n257258 (net)
                 12.06    0.22 3540.87 v u336452/B (MAJx2_ASAP7_75t_R)
     2    2.91   12.69   25.03 3565.90 v u336452/Y (MAJx2_ASAP7_75t_R)
                                         n257260 (net)
                 12.72    0.32 3566.22 v u336455/B (MAJx2_ASAP7_75t_R)
     2    2.63   12.36   24.72 3590.94 v u336455/Y (MAJx2_ASAP7_75t_R)
                                         n257263 (net)
                 12.39    0.30 3591.24 v u336457/B (MAJx2_ASAP7_75t_R)
     2    2.75   12.28   24.88 3616.12 v u336457/Y (MAJx2_ASAP7_75t_R)
                                         n257265 (net)
                 12.30    0.25 3616.38 v u336460/B (MAJx2_ASAP7_75t_R)
     2    2.68   12.43   24.68 3641.05 v u336460/Y (MAJx2_ASAP7_75t_R)
                                         n257268 (net)
                 12.46    0.32 3641.37 v u336462/B (MAJx2_ASAP7_75t_R)
     2    2.81   12.49   24.94 3666.32 v u336462/Y (MAJx2_ASAP7_75t_R)
                                         n257270 (net)
                 12.53    0.34 3666.65 v u336465/B (MAJx2_ASAP7_75t_R)
     2    2.38   11.86   24.24 3690.89 v u336465/Y (MAJx2_ASAP7_75t_R)
                                         n257273 (net)
                 11.89    0.31 3691.21 v u336469/A (MAJx2_ASAP7_75t_R)
     2    2.99   13.37   23.31 3714.51 v u336469/Y (MAJx2_ASAP7_75t_R)
                                         n257277 (net)
                 13.42    0.44 3714.95 v u336472/B (MAJx2_ASAP7_75t_R)
     3    3.15   13.68   25.73 3740.68 v u336472/Y (MAJx2_ASAP7_75t_R)
                                         n257280 (net)
                 13.73    0.42 3741.11 v u336473/C (OR3x1_ASAP7_75t_R)
     1    1.21   11.13   22.96 3764.07 v u336473/Y (OR3x1_ASAP7_75t_R)
                                         n257281 (net)
                 11.13    0.11 3764.18 v u336476/A (NAND2x1_ASAP7_75t_R)
     3    3.78   28.39   17.89 3782.07 ^ u336476/Y (NAND2x1_ASAP7_75t_R)
                                         n257284 (net)
                 28.42    0.53 3782.61 ^ u336478/C (OR4x1_ASAP7_75t_R)
     4    4.13   28.16   25.41 3808.02 ^ u336478/Y (OR4x1_ASAP7_75t_R)
                                         n257286 (net)
                 28.17    0.34 3808.36 ^ u336480/A (OR2x2_ASAP7_75t_R)
     5    6.50   23.57   27.80 3836.16 ^ u336480/Y (OR2x2_ASAP7_75t_R)
                                         n257288 (net)
                 23.60    0.47 3836.63 ^ u336497/A (NOR2x2_ASAP7_75t_R)
    29   35.81  106.57   47.12 3883.75 v u336497/Y (NOR2x2_ASAP7_75t_R)
                                         n256731 (net)
                108.82    8.71 3892.45 v place54623/A (BUFx3_ASAP7_75t_R)
    29   27.34   57.32   46.55 3939.01 v place54623/Y (BUFx3_ASAP7_75t_R)
                                         net54582 (net)
                 71.32   14.88 3953.89 v place54622/A (BUFx3_ASAP7_75t_R)
    37   38.13   77.72   45.15 3999.04 v place54622/Y (BUFx3_ASAP7_75t_R)
                                         net54581 (net)
                104.86   24.83 4023.87 v place54621/A (BUFx6f_ASAP7_75t_R)
    60   56.67   59.18   38.19 4062.06 v place54621/Y (BUFx6f_ASAP7_75t_R)
                                         net54580 (net)
                143.58   43.73 4105.79 v u336712/B (NAND2x1_ASAP7_75t_R)
     1    1.00   29.29   26.57 4132.37 ^ u336712/Y (NAND2x1_ASAP7_75t_R)
                                         n257432 (net)
                 29.30    0.10 4132.47 ^ u336713/B (OA21x2_ASAP7_75t_R)
     1    1.22   11.27   19.80 4152.27 ^ u336713/Y (OA21x2_ASAP7_75t_R)
                                         n238671 (net)
                 11.28    0.15 4152.42 ^ u316927/D (DFFHQNx1_ASAP7_75t_R)
                               4152.42   data arrival time

                       5000.00 5000.00   clock core_clock (rise edge)
                          0.00 5000.00   clock source latency
     1   21.08    0.00    0.00 5000.00 ^ ap_clk (in)
                                         ap_clk (net)
                 36.56   11.53 5011.53 ^ wire60394/A (BUFx12f_ASAP7_75t_R)
     1   19.42   15.26   19.23 5030.77 ^ wire60394/Y (BUFx12f_ASAP7_75t_R)
                                         net60353 (net)
                 44.24   13.32 5044.09 ^ wire60393/A (BUFx12f_ASAP7_75t_R)
     1   20.65   15.77   20.36 5064.45 ^ wire60393/Y (BUFx12f_ASAP7_75t_R)
                                         net60352 (net)
                 49.37   14.98 5079.43 ^ wire60392/A (BUFx12f_ASAP7_75t_R)
     1   20.69   15.93   20.98 5100.41 ^ wire60392/Y (BUFx12f_ASAP7_75t_R)
                                         net60351 (net)
                 49.32   14.94 5115.34 ^ wire60391/A (BUFx12f_ASAP7_75t_R)
     1   20.69   15.90   20.97 5136.32 ^ wire60391/Y (BUFx12f_ASAP7_75t_R)
                                         net60350 (net)
                 49.37   14.96 5151.27 ^ clkbuf_0_ap_clk/A (BUFx24_ASAP7_75t_R)
     2   16.57   13.93   28.94 5180.22 ^ clkbuf_0_ap_clk/Y (BUFx24_ASAP7_75t_R)
                                         clknet_0_ap_clk (net)
                 17.33    3.52 5183.73 ^ clkbuf_1_0_0_ap_clk/A (BUFx24_ASAP7_75t_R)
     1    9.89    9.35   20.49 5204.22 ^ clkbuf_1_0_0_ap_clk/Y (BUFx24_ASAP7_75t_R)
                                         clknet_1_0_0_ap_clk (net)
                 15.32    3.98 5208.20 ^ clkbuf_1_0_1_ap_clk/A (BUFx24_ASAP7_75t_R)
     1    9.23    9.10   19.85 5228.05 ^ clkbuf_1_0_1_ap_clk/Y (BUFx24_ASAP7_75t_R)
                                         clknet_1_0_1_ap_clk (net)
                 14.88    3.92 5231.97 ^ clkbuf_1_0_2_ap_clk/A (BUFx24_ASAP7_75t_R)
     2   15.16   12.08   20.21 5252.18 ^ clkbuf_1_0_2_ap_clk/Y (BUFx24_ASAP7_75t_R)
                                         clknet_1_0_2_ap_clk (net)
                 19.48    4.94 5257.12 ^ clkbuf_2_0_0_ap_clk/A (BUFx24_ASAP7_75t_R)
     1   10.21    9.49   21.19 5278.31 ^ clkbuf_2_0_0_ap_clk/Y (BUFx24_ASAP7_75t_R)
                                         clknet_2_0_0_ap_clk (net)
                 15.53    4.06 5282.37 ^ clkbuf_2_0_1_ap_clk/A (BUFx24_ASAP7_75t_R)
     1    8.94    9.03   19.91 5302.28 ^ clkbuf_2_0_1_ap_clk/Y (BUFx24_ASAP7_75t_R)
                                         clknet_2_0_1_ap_clk (net)
                 14.20    3.69 5305.97 ^ clkbuf_2_0_2_ap_clk/A (BUFx24_ASAP7_75t_R)
     2   12.26   10.47   19.77 5325.74 ^ clkbuf_2_0_2_ap_clk/Y (BUFx24_ASAP7_75t_R)
                                         clknet_2_0_2_ap_clk (net)
                 16.57    4.16 5329.90 ^ clkbuf_3_1_0_ap_clk/A (BUFx24_ASAP7_75t_R)
     1    9.04    9.13   20.23 5350.13 ^ clkbuf_3_1_0_ap_clk/Y (BUFx24_ASAP7_75t_R)
                                         clknet_3_1_0_ap_clk (net)
                 14.01    3.57 5353.70 ^ clkbuf_3_1_1_ap_clk/A (BUFx24_ASAP7_75t_R)
     2   14.34   11.82   19.99 5373.70 ^ clkbuf_3_1_1_ap_clk/Y (BUFx24_ASAP7_75t_R)
                                         clknet_3_1_1_ap_clk (net)
                 17.19    4.13 5377.83 ^ clkbuf_4_3_0_ap_clk/A (BUFx24_ASAP7_75t_R)
     1    9.30    9.13   20.39 5398.22 ^ clkbuf_4_3_0_ap_clk/Y (BUFx24_ASAP7_75t_R)
                                         clknet_4_3_0_ap_clk (net)
                 14.85    3.88 5402.10 ^ clkbuf_4_3_1_ap_clk/A (BUFx24_ASAP7_75t_R)
     2   14.92   12.18   20.55 5422.65 ^ clkbuf_4_3_1_ap_clk/Y (BUFx24_ASAP7_75t_R)
                                         clknet_4_3_1_ap_clk (net)
                 15.87    3.46 5426.11 ^ clkbuf_5_6_0_ap_clk/A (BUFx24_ASAP7_75t_R)
     2   15.44   12.41   20.68 5446.79 ^ clkbuf_5_6_0_ap_clk/Y (BUFx24_ASAP7_75t_R)
                                         clknet_5_6_0_ap_clk (net)
                 18.16    4.39 5451.18 ^ clkbuf_6_12_0_ap_clk/A (BUFx24_ASAP7_75t_R)
     4   20.65   15.21   22.24 5473.42 ^ clkbuf_6_12_0_ap_clk/Y (BUFx24_ASAP7_75t_R)
                                         clknet_6_12_0_ap_clk (net)
                 18.61    3.71 5477.13 ^ clkbuf_8_48_0_ap_clk/A (BUFx24_ASAP7_75t_R)
     2    6.86    8.72   20.74 5497.87 ^ clkbuf_8_48_0_ap_clk/Y (BUFx24_ASAP7_75t_R)
                                         clknet_8_48_0_ap_clk (net)
                  9.40    1.30 5499.17 ^ clkbuf_9_96__f_ap_clk/A (BUFx24_ASAP7_75t_R)
    15   43.50   26.45   21.65 5520.82 ^ clkbuf_9_96__f_ap_clk/Y (BUFx24_ASAP7_75t_R)
                                         clknet_9_96__leaf_ap_clk (net)
                 33.42    6.92 5527.74 ^ clkbuf_leaf_5435_ap_clk/A (BUFx24_ASAP7_75t_R)
    19   13.72   12.20   25.57 5553.31 ^ clkbuf_leaf_5435_ap_clk/Y (BUFx24_ASAP7_75t_R)
                                         clknet_leaf_5435_ap_clk (net)
                 12.30    0.53 5553.84 ^ u316927/CLK (DFFHQNx1_ASAP7_75t_R)
                          4.78 5558.62   clock reconvergence pessimism
                         -6.48 5552.14   library setup time
                               5552.14   data required time
-----------------------------------------------------------------------------
                               5552.14   data required time
                               -4152.42   data arrival time
-----------------------------------------------------------------------------
                               1399.72   slack (MET)



==========================================================================
global route report_check_types -max_slew -max_cap -max_fanout -violators
--------------------------------------------------------------------------

==========================================================================
global route max_slew_check_slack
--------------------------------------------------------------------------
13.400725364685059

==========================================================================
global route max_slew_check_limit
--------------------------------------------------------------------------
320.0

==========================================================================
global route max_slew_check_slack_limit
--------------------------------------------------------------------------
0.0419

==========================================================================
global route max_fanout_check_slack
--------------------------------------------------------------------------
1.0000000150474662e+30

==========================================================================
global route max_fanout_check_limit
--------------------------------------------------------------------------
1.0000000150474662e+30

==========================================================================
global route max_capacitance_check_slack
--------------------------------------------------------------------------
1.4095577001571655

==========================================================================
global route max_capacitance_check_limit
--------------------------------------------------------------------------
23.040000915527344

==========================================================================
global route max_capacitance_check_slack_limit
--------------------------------------------------------------------------
0.0612

==========================================================================
global route max_slew_violation_count
--------------------------------------------------------------------------
max slew violation count 0

==========================================================================
global route max_fanout_violation_count
--------------------------------------------------------------------------
max fanout violation count 0

==========================================================================
global route max_cap_violation_count
--------------------------------------------------------------------------
max cap violation count 0

==========================================================================
global route setup_violation_count
--------------------------------------------------------------------------
setup violation count 0

==========================================================================
global route hold_violation_count
--------------------------------------------------------------------------
hold violation count 2

==========================================================================
global route report_checks -path_delay max reg to reg
--------------------------------------------------------------------------
Startpoint: u336116 (rising edge-triggered flip-flop clocked by core_clock)
Endpoint: u316927 (rising edge-triggered flip-flop clocked by core_clock)
Path Group: core_clock
Path Type: max

  Delay    Time   Description
---------------------------------------------------------
   0.00    0.00   clock core_clock (rise edge)
   0.00    0.00   clock source latency
   0.00    0.00 ^ ap_clk (in)
  31.67   31.67 ^ wire60394/Y (BUFx12f_ASAP7_75t_R)
  34.53   66.20 ^ wire60393/Y (BUFx12f_ASAP7_75t_R)
  36.86  103.06 ^ wire60392/Y (BUFx12f_ASAP7_75t_R)
  36.80  139.86 ^ wire60391/Y (BUFx12f_ASAP7_75t_R)
  45.14  185.00 ^ clkbuf_0_ap_clk/Y (BUFx24_ASAP7_75t_R)
  24.80  209.79 ^ clkbuf_1_1_0_ap_clk/Y (BUFx24_ASAP7_75t_R)
  24.44  234.23 ^ clkbuf_1_1_1_ap_clk/Y (BUFx24_ASAP7_75t_R)
  25.19  259.42 ^ clkbuf_1_1_2_ap_clk/Y (BUFx24_ASAP7_75t_R)
  26.80  286.22 ^ clkbuf_2_3_0_ap_clk/Y (BUFx24_ASAP7_75t_R)
  24.37  310.58 ^ clkbuf_2_3_1_ap_clk/Y (BUFx24_ASAP7_75t_R)
  24.53  335.11 ^ clkbuf_2_3_2_ap_clk/Y (BUFx24_ASAP7_75t_R)
  26.40  361.51 ^ clkbuf_3_6_0_ap_clk/Y (BUFx24_ASAP7_75t_R)
  24.66  386.17 ^ clkbuf_3_6_1_ap_clk/Y (BUFx24_ASAP7_75t_R)
  26.14  412.31 ^ clkbuf_4_12_0_ap_clk/Y (BUFx24_ASAP7_75t_R)
  25.16  437.47 ^ clkbuf_4_12_1_ap_clk/Y (BUFx24_ASAP7_75t_R)
  25.83  463.30 ^ clkbuf_5_24_0_ap_clk/Y (BUFx24_ASAP7_75t_R)
  26.47  489.76 ^ clkbuf_6_48_0_ap_clk/Y (BUFx24_ASAP7_75t_R)
  25.91  515.67 ^ clkbuf_8_192_0_ap_clk/Y (BUFx24_ASAP7_75t_R)
  24.65  540.32 ^ clkbuf_9_384__f_ap_clk/Y (BUFx24_ASAP7_75t_R)
  55.22  595.54 ^ clkbuf_leaf_425_ap_clk/Y (BUFx24_ASAP7_75t_R)
   3.03  598.57 ^ u336116/CLK (DFFHQNx1_ASAP7_75t_R)
  39.45  638.03 v u336116/QN (DFFHQNx1_ASAP7_75t_R)
  11.25  649.27 ^ u336117/Y (INVx1_ASAP7_75t_R)
  18.31  667.58 ^ u336119/Y (OR2x2_ASAP7_75t_R)
  20.63  688.21 ^ u336123/Y (MAJx2_ASAP7_75t_R)
  20.95  709.16 ^ u336127/Y (MAJx2_ASAP7_75t_R)
  20.19  729.35 ^ u336131/Y (MAJx2_ASAP7_75t_R)
  19.99  749.34 ^ u336135/Y (MAJx2_ASAP7_75t_R)
  20.71  770.05 ^ u336139/Y (MAJx2_ASAP7_75t_R)
  21.03  791.09 ^ u336143/Y (MAJx2_ASAP7_75t_R)
  20.94  812.03 ^ u336147/Y (MAJx2_ASAP7_75t_R)
  24.73  836.76 ^ u336151/Y (MAJx2_ASAP7_75t_R)
  26.93  863.68 ^ u336155/Y (MAJx2_ASAP7_75t_R)
  23.32  887.01 ^ u336159/Y (MAJx2_ASAP7_75t_R)
  19.42  906.43 ^ u336160/Y (OA21x2_ASAP7_75t_R)
   9.43  915.86 v u336161/Y (AOI21x1_ASAP7_75t_R)
  12.35  928.21 ^ u336162/Y (NOR2x1_ASAP7_75t_R)
  17.75  945.96 ^ u336163/Y (AO21x1_ASAP7_75t_R)
  22.50  968.46 ^ u336167/Y (MAJx2_ASAP7_75t_R)
  21.79  990.25 ^ u336171/Y (MAJx2_ASAP7_75t_R)
  21.49 1011.75 ^ u336175/Y (MAJx2_ASAP7_75t_R)
  22.06 1033.81 ^ u336179/Y (MAJx2_ASAP7_75t_R)
  22.81 1056.62 ^ u336183/Y (MAJx2_ASAP7_75t_R)
  21.74 1078.36 ^ u336187/Y (MAJx2_ASAP7_75t_R)
  18.32 1096.69 ^ u336188/Y (OA21x2_ASAP7_75t_R)
   9.62 1106.30 v u336189/Y (AOI21x1_ASAP7_75t_R)
  12.71 1119.02 ^ u336190/Y (NOR2x1_ASAP7_75t_R)
  18.26 1137.27 ^ u336191/Y (AO21x1_ASAP7_75t_R)
  23.08 1160.36 ^ u336195/Y (MAJx2_ASAP7_75t_R)
  21.36 1181.72 ^ u336199/Y (MAJx2_ASAP7_75t_R)
  20.95 1202.66 ^ u336203/Y (MAJx2_ASAP7_75t_R)
  20.77 1223.44 ^ u336207/Y (MAJx2_ASAP7_75t_R)
  20.73 1244.17 ^ u336211/Y (MAJx2_ASAP7_75t_R)
  20.33 1264.50 ^ u336215/Y (MAJx2_ASAP7_75t_R)
  17.65 1282.14 ^ u336216/Y (OA21x2_ASAP7_75t_R)
  10.33 1292.47 v u336217/Y (AOI21x1_ASAP7_75t_R)
  27.94 1320.41 v u336219/Y (MAJx2_ASAP7_75t_R)
  25.48 1345.89 v u336222/Y (MAJx2_ASAP7_75t_R)
  25.36 1371.25 v u336224/Y (MAJx2_ASAP7_75t_R)
  25.26 1396.51 v u336227/Y (MAJx2_ASAP7_75t_R)
  25.88 1422.39 v u336229/Y (MAJx2_ASAP7_75t_R)
  25.85 1448.23 v u336232/Y (MAJx2_ASAP7_75t_R)
  25.88 1474.11 v u336234/Y (MAJx2_ASAP7_75t_R)
  25.33 1499.44 v u336237/Y (MAJx2_ASAP7_75t_R)
  25.97 1525.40 v u336239/Y (MAJx2_ASAP7_75t_R)
  25.87 1551.27 v u336242/Y (MAJx2_ASAP7_75t_R)
  25.80 1577.07 v u336244/Y (MAJx2_ASAP7_75t_R)
  25.00 1602.07 v u336247/Y (MAJx2_ASAP7_75t_R)
  25.78 1627.85 v u336249/Y (MAJx2_ASAP7_75t_R)
  25.35 1653.20 v u336252/Y (MAJx2_ASAP7_75t_R)
  25.13 1678.33 v u336254/Y (MAJx2_ASAP7_75t_R)
  25.33 1703.66 v u336257/Y (MAJx2_ASAP7_75t_R)
  25.54 1729.20 v u336259/Y (MAJx2_ASAP7_75t_R)
  25.46 1754.66 v u336262/Y (MAJx2_ASAP7_75t_R)
  25.78 1780.44 v u336264/Y (MAJx2_ASAP7_75t_R)
  24.15 1804.59 v u336267/Y (MAJx2_ASAP7_75t_R)
  10.33 1814.91 ^ u336268/Y (NOR2x1_ASAP7_75t_R)
  16.57 1831.49 ^ u336269/Y (AO21x1_ASAP7_75t_R)
  23.45 1854.94 ^ u336273/Y (MAJx2_ASAP7_75t_R)
  12.30 1867.24 v u336285/Y (OAI21x1_ASAP7_75t_R)
  26.99 1894.22 v u336287/Y (MAJx2_ASAP7_75t_R)
  25.52 1919.74 v u336290/Y (MAJx2_ASAP7_75t_R)
  26.09 1945.83 v u336292/Y (MAJx2_ASAP7_75t_R)
  25.37 1971.19 v u336295/Y (MAJx2_ASAP7_75t_R)
  25.00 1996.19 v u336297/Y (MAJx2_ASAP7_75t_R)
  24.91 2021.10 v u336300/Y (MAJx2_ASAP7_75t_R)
  25.33 2046.43 v u336302/Y (MAJx2_ASAP7_75t_R)
  24.79 2071.22 v u336305/Y (MAJx2_ASAP7_75t_R)
  25.15 2096.37 v u336307/Y (MAJx2_ASAP7_75t_R)
  25.20 2121.58 v u336310/Y (MAJx2_ASAP7_75t_R)
  25.24 2146.81 v u336312/Y (MAJx2_ASAP7_75t_R)
  24.93 2171.75 v u336315/Y (MAJx2_ASAP7_75t_R)
  25.72 2197.47 v u336317/Y (MAJx2_ASAP7_75t_R)
  25.57 2223.04 v u336320/Y (MAJx2_ASAP7_75t_R)
  25.53 2248.57 v u336322/Y (MAJx2_ASAP7_75t_R)
  25.42 2273.99 v u336325/Y (MAJx2_ASAP7_75t_R)
  25.62 2299.62 v u336327/Y (MAJx2_ASAP7_75t_R)
  25.53 2325.14 v u336330/Y (MAJx2_ASAP7_75t_R)
  26.01 2351.15 v u336332/Y (MAJx2_ASAP7_75t_R)
  25.96 2377.11 v u336335/Y (MAJx2_ASAP7_75t_R)
  25.78 2402.89 v u336337/Y (MAJx2_ASAP7_75t_R)
  25.64 2428.53 v u336340/Y (MAJx2_ASAP7_75t_R)
  26.48 2455.01 v u336342/Y (MAJx2_ASAP7_75t_R)
  25.86 2480.86 v u336345/Y (MAJx2_ASAP7_75t_R)
  25.77 2506.63 v u336347/Y (MAJx2_ASAP7_75t_R)
  25.44 2532.07 v u336350/Y (MAJx2_ASAP7_75t_R)
  25.80 2557.87 v u336352/Y (MAJx2_ASAP7_75t_R)
  25.69 2583.56 v u336355/Y (MAJx2_ASAP7_75t_R)
  25.58 2609.14 v u336357/Y (MAJx2_ASAP7_75t_R)
  25.39 2634.53 v u336360/Y (MAJx2_ASAP7_75t_R)
  25.45 2659.98 v u336362/Y (MAJx2_ASAP7_75t_R)
  25.03 2685.02 v u336365/Y (MAJx2_ASAP7_75t_R)
  25.36 2710.38 v u336367/Y (MAJx2_ASAP7_75t_R)
  25.14 2735.52 v u336370/Y (MAJx2_ASAP7_75t_R)
  25.15 2760.68 v u336372/Y (MAJx2_ASAP7_75t_R)
  25.39 2786.07 v u336375/Y (MAJx2_ASAP7_75t_R)
  25.36 2811.43 v u336377/Y (MAJx2_ASAP7_75t_R)
  24.92 2836.35 v u336380/Y (MAJx2_ASAP7_75t_R)
  25.58 2861.93 v u336382/Y (MAJx2_ASAP7_75t_R)
  25.28 2887.22 v u336385/Y (MAJx2_ASAP7_75t_R)
  25.36 2912.58 v u336387/Y (MAJx2_ASAP7_75t_R)
  25.38 2937.96 v u336390/Y (MAJx2_ASAP7_75t_R)
  25.57 2963.54 v u336392/Y (MAJx2_ASAP7_75t_R)
  25.34 2988.88 v u336395/Y (MAJx2_ASAP7_75t_R)
  25.95 3014.83 v u336397/Y (MAJx2_ASAP7_75t_R)
  25.71 3040.54 v u336400/Y (MAJx2_ASAP7_75t_R)
  25.18 3065.72 v u336402/Y (MAJx2_ASAP7_75t_R)
  24.76 3090.48 v u336405/Y (MAJx2_ASAP7_75t_R)
  25.24 3115.72 v u336407/Y (MAJx2_ASAP7_75t_R)
  25.30 3141.02 v u336410/Y (MAJx2_ASAP7_75t_R)
  25.40 3166.42 v u336412/Y (MAJx2_ASAP7_75t_R)
  24.79 3191.21 v u336415/Y (MAJx2_ASAP7_75t_R)
  25.05 3216.26 v u336417/Y (MAJx2_ASAP7_75t_R)
  24.62 3240.88 v u336420/Y (MAJx2_ASAP7_75t_R)
  24.88 3265.77 v u336422/Y (MAJx2_ASAP7_75t_R)
  25.17 3290.93 v u336425/Y (MAJx2_ASAP7_75t_R)
  25.52 3316.46 v u336427/Y (MAJx2_ASAP7_75t_R)
  24.75 3341.21 v u336430/Y (MAJx2_ASAP7_75t_R)
  24.91 3366.12 v u336432/Y (MAJx2_ASAP7_75t_R)
  24.81 3390.93 v u336435/Y (MAJx2_ASAP7_75t_R)
  25.06 3415.99 v u336437/Y (MAJx2_ASAP7_75t_R)
  25.07 3441.06 v u336440/Y (MAJx2_ASAP7_75t_R)
  25.25 3466.31 v u336442/Y (MAJx2_ASAP7_75t_R)
  24.80 3491.11 v u336445/Y (MAJx2_ASAP7_75t_R)
  25.02 3516.13 v u336447/Y (MAJx2_ASAP7_75t_R)
  24.52 3540.65 v u336450/Y (MAJx2_ASAP7_75t_R)
  25.25 3565.90 v u336452/Y (MAJx2_ASAP7_75t_R)
  25.04 3590.94 v u336455/Y (MAJx2_ASAP7_75t_R)
  25.18 3616.12 v u336457/Y (MAJx2_ASAP7_75t_R)
  24.93 3641.05 v u336460/Y (MAJx2_ASAP7_75t_R)
  25.26 3666.32 v u336462/Y (MAJx2_ASAP7_75t_R)
  24.57 3690.89 v u336465/Y (MAJx2_ASAP7_75t_R)
  23.62 3714.51 v u336469/Y (MAJx2_ASAP7_75t_R)
  26.17 3740.68 v u336472/Y (MAJx2_ASAP7_75t_R)
  23.39 3764.07 v u336473/Y (OR3x1_ASAP7_75t_R)
  18.00 3782.07 ^ u336476/Y (NAND2x1_ASAP7_75t_R)
  25.94 3808.02 ^ u336478/Y (OR4x1_ASAP7_75t_R)
  28.14 3836.16 ^ u336480/Y (OR2x2_ASAP7_75t_R)
  47.58 3883.75 v u336497/Y (NOR2x2_ASAP7_75t_R)
  55.26 3939.01 v place54623/Y (BUFx3_ASAP7_75t_R)
  60.03 3999.04 v place54622/Y (BUFx3_ASAP7_75t_R)
  63.02 4062.06 v place54621/Y (BUFx6f_ASAP7_75t_R)
  70.31 4132.37 ^ u336712/Y (NAND2x1_ASAP7_75t_R)
  19.90 4152.27 ^ u336713/Y (OA21x2_ASAP7_75t_R)
   0.15 4152.42 ^ u316927/D (DFFHQNx1_ASAP7_75t_R)
        4152.42   data arrival time

5000.00 5000.00   clock core_clock (rise edge)
   0.00 5000.00   clock source latency
   0.00 5000.00 ^ ap_clk (in)
  30.77 5030.77 ^ wire60394/Y (BUFx12f_ASAP7_75t_R)
  33.68 5064.45 ^ wire60393/Y (BUFx12f_ASAP7_75t_R)
  35.96 5100.41 ^ wire60392/Y (BUFx12f_ASAP7_75t_R)
  35.91 5136.32 ^ wire60391/Y (BUFx12f_ASAP7_75t_R)
  43.90 5180.22 ^ clkbuf_0_ap_clk/Y (BUFx24_ASAP7_75t_R)
  24.01 5204.22 ^ clkbuf_1_0_0_ap_clk/Y (BUFx24_ASAP7_75t_R)
  23.83 5228.05 ^ clkbuf_1_0_1_ap_clk/Y (BUFx24_ASAP7_75t_R)
  24.13 5252.18 ^ clkbuf_1_0_2_ap_clk/Y (BUFx24_ASAP7_75t_R)
  26.13 5278.31 ^ clkbuf_2_0_0_ap_clk/Y (BUFx24_ASAP7_75t_R)
  23.96 5302.28 ^ clkbuf_2_0_1_ap_clk/Y (BUFx24_ASAP7_75t_R)
  23.46 5325.74 ^ clkbuf_2_0_2_ap_clk/Y (BUFx24_ASAP7_75t_R)
  24.39 5350.13 ^ clkbuf_3_1_0_ap_clk/Y (BUFx24_ASAP7_75t_R)
  23.56 5373.70 ^ clkbuf_3_1_1_ap_clk/Y (BUFx24_ASAP7_75t_R)
  24.52 5398.22 ^ clkbuf_4_3_0_ap_clk/Y (BUFx24_ASAP7_75t_R)
  24.44 5422.65 ^ clkbuf_4_3_1_ap_clk/Y (BUFx24_ASAP7_75t_R)
  24.13 5446.79 ^ clkbuf_5_6_0_ap_clk/Y (BUFx24_ASAP7_75t_R)
  26.63 5473.42 ^ clkbuf_6_12_0_ap_clk/Y (BUFx24_ASAP7_75t_R)
  24.45 5497.87 ^ clkbuf_8_48_0_ap_clk/Y (BUFx24_ASAP7_75t_R)
  22.95 5520.82 ^ clkbuf_9_96__f_ap_clk/Y (BUFx24_ASAP7_75t_R)
  32.49 5553.31 ^ clkbuf_leaf_5435_ap_clk/Y (BUFx24_ASAP7_75t_R)
   0.53 5553.84 ^ u316927/CLK (DFFHQNx1_ASAP7_75t_R)
   4.78 5558.62   clock reconvergence pessimism
  -6.48 5552.14   library setup time
        5552.14   data required time
---------------------------------------------------------
        5552.14   data required time
        -4152.42   data arrival time
---------------------------------------------------------
        1399.72   slack (MET)



==========================================================================
global route report_checks -path_delay min reg to reg
--------------------------------------------------------------------------
Startpoint: u346633 (rising edge-triggered flip-flop clocked by core_clock)
Endpoint: u344255 (rising edge-triggered flip-flop clocked by core_clock)
Path Group: core_clock
Path Type: min

  Delay    Time   Description
---------------------------------------------------------
   0.00    0.00   clock core_clock (rise edge)
   0.00    0.00   clock source latency
   0.00    0.00 ^ ap_clk (in)
  30.77   30.77 ^ wire60394/Y (BUFx12f_ASAP7_75t_R)
  33.68   64.45 ^ wire60393/Y (BUFx12f_ASAP7_75t_R)
  35.96  100.41 ^ wire60392/Y (BUFx12f_ASAP7_75t_R)
  35.91  136.32 ^ wire60391/Y (BUFx12f_ASAP7_75t_R)
  43.90  180.22 ^ clkbuf_0_ap_clk/Y (BUFx24_ASAP7_75t_R)
  24.07  204.29 ^ clkbuf_1_1_0_ap_clk/Y (BUFx24_ASAP7_75t_R)
  23.79  228.08 ^ clkbuf_1_1_1_ap_clk/Y (BUFx24_ASAP7_75t_R)
  24.45  252.53 ^ clkbuf_1_1_2_ap_clk/Y (BUFx24_ASAP7_75t_R)
  26.25  278.78 ^ clkbuf_2_2_0_ap_clk/Y (BUFx24_ASAP7_75t_R)
  24.52  303.30 ^ clkbuf_2_2_1_ap_clk/Y (BUFx24_ASAP7_75t_R)
  24.73  328.03 ^ clkbuf_2_2_2_ap_clk/Y (BUFx24_ASAP7_75t_R)
  20.79  348.82 ^ clkbuf_3_4_0_ap_clk/Y (BUFx24_ASAP7_75t_R)
  24.24  373.06 ^ clkbuf_3_4_1_ap_clk/Y (BUFx24_ASAP7_75t_R)
  24.91  397.97 ^ clkbuf_4_9_0_ap_clk/Y (BUFx24_ASAP7_75t_R)
  24.77  422.74 ^ clkbuf_4_9_1_ap_clk/Y (BUFx24_ASAP7_75t_R)
  24.86  447.60 ^ clkbuf_5_18_0_ap_clk/Y (BUFx24_ASAP7_75t_R)
  25.49  473.09 ^ clkbuf_6_37_0_ap_clk/Y (BUFx24_ASAP7_75t_R)
  25.44  498.52 ^ clkbuf_8_149_0_ap_clk/Y (BUFx24_ASAP7_75t_R)
  21.51  520.03 ^ clkbuf_9_299__f_ap_clk/Y (BUFx24_ASAP7_75t_R)
  26.67  546.70 ^ clkbuf_leaf_413_ap_clk/Y (BUFx24_ASAP7_75t_R)
   1.89  548.59 ^ u346633/CLK (DFFHQNx1_ASAP7_75t_R)
  36.30  584.89 ^ u346633/QN (DFFHQNx1_ASAP7_75t_R)
  13.83  598.72 ^ hold60544/Y (BUFx2_ASAP7_75t_R)
   4.84  603.56 v u346634/Y (INVx1_ASAP7_75t_R)
   0.07  603.63 v u344255/D (DFFHQNx1_ASAP7_75t_R)
         603.63   data arrival time

   0.00    0.00   clock core_clock (rise edge)
   0.00    0.00   clock source latency
   0.00    0.00 ^ ap_clk (in)
  31.67   31.67 ^ wire60394/Y (BUFx12f_ASAP7_75t_R)
  34.53   66.20 ^ wire60393/Y (BUFx12f_ASAP7_75t_R)
  36.86  103.06 ^ wire60392/Y (BUFx12f_ASAP7_75t_R)
  36.80  139.86 ^ wire60391/Y (BUFx12f_ASAP7_75t_R)
  45.14  185.00 ^ clkbuf_0_ap_clk/Y (BUFx24_ASAP7_75t_R)
  24.80  209.79 ^ clkbuf_1_1_0_ap_clk/Y (BUFx24_ASAP7_75t_R)
  24.44  234.23 ^ clkbuf_1_1_1_ap_clk/Y (BUFx24_ASAP7_75t_R)
  25.19  259.42 ^ clkbuf_1_1_2_ap_clk/Y (BUFx24_ASAP7_75t_R)
  26.80  286.22 ^ clkbuf_2_3_0_ap_clk/Y (BUFx24_ASAP7_75t_R)
  24.37  310.58 ^ clkbuf_2_3_1_ap_clk/Y (BUFx24_ASAP7_75t_R)
  24.53  335.11 ^ clkbuf_2_3_2_ap_clk/Y (BUFx24_ASAP7_75t_R)
  26.40  361.51 ^ clkbuf_3_6_0_ap_clk/Y (BUFx24_ASAP7_75t_R)
  24.66  386.17 ^ clkbuf_3_6_1_ap_clk/Y (BUFx24_ASAP7_75t_R)
  26.14  412.31 ^ clkbuf_4_12_0_ap_clk/Y (BUFx24_ASAP7_75t_R)
  25.16  437.47 ^ clkbuf_4_12_1_ap_clk/Y (BUFx24_ASAP7_75t_R)
  25.83  463.30 ^ clkbuf_5_24_0_ap_clk/Y (BUFx24_ASAP7_75t_R)
  26.47  489.76 ^ clkbuf_6_48_0_ap_clk/Y (BUFx24_ASAP7_75t_R)
  25.91  515.67 ^ clkbuf_8_192_0_ap_clk/Y (BUFx24_ASAP7_75t_R)
  24.65  540.32 ^ clkbuf_9_384__f_ap_clk/Y (BUFx24_ASAP7_75t_R)
  54.90  595.22 ^ clkbuf_leaf_415_ap_clk/Y (BUFx24_ASAP7_75t_R)
   3.10  598.32 ^ u344255/CLK (DFFHQNx1_ASAP7_75t_R)
  -6.89  591.42   clock reconvergence pessimism
  13.17  604.60   library hold time
         604.60   data required time
---------------------------------------------------------
         604.60   data required time
        -603.63   data arrival time
---------------------------------------------------------
          -0.97   slack (VIOLATED)



==========================================================================
global route critical path target clock latency max path
--------------------------------------------------------------------------
553.4497

==========================================================================
global route critical path target clock latency min path
--------------------------------------------------------------------------
616.3801

==========================================================================
global route critical path source clock latency min path
--------------------------------------------------------------------------
0.0000

==========================================================================
global route critical path delay
--------------------------------------------------------------------------
4152.4199

==========================================================================
global route critical path slack
--------------------------------------------------------------------------
1399.7198

==========================================================================
global route slack div critical path delay
--------------------------------------------------------------------------
33.708532

==========================================================================
global route report_power
--------------------------------------------------------------------------
Group                  Internal  Switching    Leakage      Total
                          Power      Power      Power      Power (Watts)
----------------------------------------------------------------
Sequential             4.63e-02   3.49e-03   1.78e-05   4.98e-02  12.0%
Combinational          1.88e-01   1.39e-01   3.27e-05   3.27e-01  78.6%
Clock                  2.34e-02   1.56e-02   4.09e-06   3.90e-02   9.4%
Macro                  0.00e+00   0.00e+00   0.00e+00   0.00e+00   0.0%
Pad                    0.00e+00   0.00e+00   0.00e+00   0.00e+00   0.0%
----------------------------------------------------------------
Total                  2.57e-01   1.58e-01   5.46e-05   4.16e-01 100.0%
                          61.9%      38.1%       0.0%
